post_time,post_name,post_url,minas_link,minas_pwd
2025-09-01 09:00:16,《绝区零》2025年9月月历壁纸,https://www.miyoushe.com/zzz/article/68106564,"https://minas.mihoyo.com/d/e3dd429698054717be10/""",zzz2025bz
2025-08-29 04:15:14,迟吟的浪涌 | 影像档案记录分享,https://www.miyoushe.com/zzz/article/67966487,"https://minas.mihoyo.com/d/ad72c2c197f44e8ea2fe/""",zzzbz2025
2025-08-29 04:00:20,壁纸分享 | 爱丽丝主题壁纸,https://www.miyoushe.com/zzz/article/67965532,"https://minas.mihoyo.com/d/1cc3cb28a5c047f8ba92/""",zzzbz2025
2025-08-02 06:00:17,壁纸分享 | 浮波柚叶主题壁纸,https://www.miyoushe.com/zzz/article/67055819,"https://minas.mihoyo.com/d/97936e3e62a949b2930d/""",zzzbz2025
2025-08-01 04:00:17,《绝区零》2025年8月月历壁纸,https://www.miyoushe.com/zzz/article/67015096,"https://minas.mihoyo.com/d/4d9b0548943b464f8171/""",zzz2025bz
2025-07-03 10:15:16,云霞同归处 | 影像档案记录分享,https://www.miyoushe.com/zzz/article/66047692,"https://minas.mihoyo.com/d/350b0f648041482e844f/""",zzzbz2025
2025-07-03 10:00:16,壁纸分享 | 橘福福主题壁纸,https://www.miyoushe.com/zzz/article/66047245,"https://minas.mihoyo.com/d/a9935e7df0c2465098d2/""",zzzbz2025
2025-07-01 04:00:16,《绝区零》2025年7月月历壁纸,https://www.miyoushe.com/zzz/article/65950301,"https://minas.mihoyo.com/d/09c534554ff148e3ade1/""",zzz2025bz
2025-06-20 10:00:22,壁纸分享 | 仪玄主题壁纸,https://www.miyoushe.com/zzz/article/65534178,"https://minas.mihoyo.com/d/ca3402fd260247acbabe/""",zzzbz2025
2025-06-05 04:30:17,将眼泪与过往一同埋葬 | 影像档案记录分享,https://www.miyoushe.com/zzz/article/65002165,"https://minas.mihoyo.com/d/9f60213740cb462fb321/""",zzzbz2025
2025-06-05 04:16:14,壁纸分享 | 雨果EP壁纸,https://www.miyoushe.com/zzz/article/65001848,"https://minas.mihoyo.com/d/20594362506f447d8a1f/""",zzzbz2025
2025-06-05 04:15:17,壁纸分享 | 薇薇安角色PV&角色展示壁纸,https://www.miyoushe.com/zzz/article/65001819,"https://minas.mihoyo.com/d/ecc253e785d74ccc906f/""",zzzbz2025
2025-06-01 05:00:24,《绝区零》2025年6月月历壁纸,https://www.miyoushe.com/zzz/article/64897048,"https://minas.mihoyo.com/d/b044a37f65ec4fe99cf3/""",zzz2025bz
2025-05-13 04:30:16,在被遗忘的废墟之上 | 影像档案记录分享,https://www.miyoushe.com/zzz/article/64380815,"https://minas.mihoyo.com/d/9f60213740cb462fb321/""",zzzbz2025
2025-05-13 04:15:16,壁纸分享 | 「扳机」角色PV&角色展示壁纸,https://www.miyoushe.com/zzz/article/64380445,"https://minas.mihoyo.com/d/44fa0537f82c4026926d/""",zzzbz2025
2025-05-13 04:00:24,壁纸分享 | 零号·安比角色PV&角色展示壁纸,https://www.miyoushe.com/zzz/article/64380140,"https://minas.mihoyo.com/d/618b73ced965462ca977/""",zzzbz2025
2025-05-01 04:15:15,《绝区零》2025年5月月历壁纸,https://www.miyoushe.com/zzz/article/64050189,"https://minas.mihoyo.com/d/fef607f9a0bf4e36930b/""",zzz2025bz
2025-04-01 05:00:15,《绝区零》2025年4月月历壁纸,https://www.miyoushe.com/zzz/article/63125137,"https://minas.mihoyo.com/d/0e00cb58f9a84981891e/""",zzz2025bz
2025-03-09 04:00:15,闪耀的此刻 | 影像档案记录分享,https://www.miyoushe.com/zzz/article/62542470,"https://minas.mihoyo.com/d/5c92813dfcf7429ab009/""",zzzbz2025
2025-03-01 04:00:14,《绝区零》2025年3月月历壁纸,https://www.miyoushe.com/zzz/article/62343409,"https://minas.mihoyo.com/d/b92717c42c654ed6923b/""",
2025-02-28 05:00:14,壁纸分享 | 伊芙琳角色展示&EP壁纸,https://www.miyoushe.com/zzz/article/62318049,"https://minas.mihoyo.com/d/89127bc805f9420d9a15/""",zzzbz2025
2025-02-28 04:30:10,壁纸分享 | 耀嘉音角色展示&MV壁纸,https://www.miyoushe.com/zzz/article/62317426,"https://minas.mihoyo.com/d/8dd6dc1215f04646aecc/""",zzzbz2025
2025-02-26 08:38:12,战绩「桌面组件」可添加代理人壁纸啦,https://www.miyoushe.com/zzz/article/62274842,"https://act.mihoyo.com/app/mihoyo-zzz-game-record/m.html?mhy_presentation_style=fullscreen&amp;mhy_bg_style=dark&amp;utm_source=media&amp;utm_medium=mys&amp;utm_campaign=arti""",
2025-02-01 04:00:14,《绝区零》2025年2月月历壁纸,https://www.miyoushe.com/zzz/article/61620401,"https://minas.mihoyo.com/d/1e11afea322941d6b790/""",zzz2025bz
2025-01-30 04:00:16,壁纸分享丨「美梦如约而至」活动壁纸,https://www.miyoushe.com/zzz/article/61561645,"https://minas.mihoyo.com/d/ea14ecf05371443dbd52/""",zzzbz2025
2025-01-26 04:00:22,星流霆击 | 影像档案记录分享,https://www.miyoushe.com/zzz/article/61423153,"https://minas.mihoyo.com/d/5c92813dfcf7429ab009/""",zzzbz2025
2025-01-22 08:00:18,壁纸分享丨「若能化作天琴」网页活动壁纸,https://www.miyoushe.com/zzz/article/61297093,"https://minas.mihoyo.com/d/ad7a993dcec643928a43/""",zzzbz2025
2025-01-03 05:00:14,壁纸分享丨浅羽悠真EP壁纸,https://www.miyoushe.com/zzz/article/60755470,"https://minas.mihoyo.com/d/4ce47d4be281461698fe/""",zzzbz2025
2025-01-03 04:30:12,壁纸分享丨星见雅EP壁纸,https://www.miyoushe.com/zzz/article/60754598,"https://minas.mihoyo.com/d/fad67f3d4c78499ea02e/""",zzzbz2025
2025-01-03 04:00:19,壁纸分享丨星见雅动画短片壁纸,https://www.miyoushe.com/zzz/article/60753823,"https://minas.mihoyo.com/d/aa99a878a2fc47d99c84/""",zzzbz2025
2025-01-01 05:00:13,《绝区零》2025年1月月历壁纸,https://www.miyoushe.com/zzz/article/60669896,"https://minas.mihoyo.com/d/3f641e520c0b4d8bb2e9/""",zzz2025bz
2024-12-25 10:00:16,虚拟杀机 | 影像档案记录分享,https://www.miyoushe.com/zzz/article/60490774,"https://minas.mihoyo.com/d/795a22f6d2304f41a061/""",zzzbz2024
2024-12-25 09:00:14,壁纸分享 | 莱特EP壁纸,https://www.miyoushe.com/zzz/article/60489354,"https://minas.mihoyo.com/d/f5e1feb374cc44b48ac0/""",zzzlightbz
2024-12-01 04:00:14,《绝区零》2024年12月月历壁纸,https://www.miyoushe.com/zzz/article/59807871,"https://minas.mihoyo.com/d/0eabc6a328584b19a07a/""",zzz2024bz
2024-11-20 04:00:25,壁纸分享 | 月城柳EP&PV壁纸,https://www.miyoushe.com/zzz/article/59517212,"https://minas.mihoyo.com/d/a7ab896aa2e640508492/""",zzzbz2024
2024-11-13 04:00:24,卧底蓝调&火狱骑行 | 影像档案记录分享,https://www.miyoushe.com/zzz/article/59342116,"https://minas.mihoyo.com/d/795a22f6d2304f41a061/""",zzzbz2024
2024-11-01 05:00:13,《绝区零》2024年11月月历壁纸,https://www.miyoushe.com/zzz/article/59040587,"https://minas.mihoyo.com/d/56f773b442954d2a8d64/""",zzz2024bz
2024-10-02 05:00:14,《绝区零》2024年10月月历壁纸,https://www.miyoushe.com/zzz/article/58193141,"https://minas.mihoyo.com/d/38b10dc35b844ce892ff/""",zzzbz2024
2024-09-30 04:00:14,凯撒主题壁纸分享,https://www.miyoushe.com/zzz/article/58096848,"https://minas.mihoyo.com/d/9f9264c3acef4fca9862/""",zzzbz2024
2024-09-12 10:00:12,壁纸分享 | 代理人简角色PV壁纸,https://www.miyoushe.com/zzz/article/57551239,"https://minas.mihoyo.com/d/5e298cbbdb0e4880bc58/""",zzzbz2024
2024-09-01 05:00:11,《绝区零》2024年9月月历壁纸,https://www.miyoushe.com/zzz/article/57241586,"https://minas.mihoyo.com/d/97e9640e4efb469fb218/""",zzzbz2024
2024-08-20 04:00:16,青衣角色曲MV壁纸分享,https://www.miyoushe.com/zzz/article/56798670,"https://minas.mihoyo.com/d/7cb8099b136b4ef69f35/""",zzzbz2024
2024-08-02 04:00:16,《绝区零》2024年8月月历壁纸,https://www.miyoushe.com/zzz/article/56108734,"https://minas.mihoyo.com/d/f43d9b6c66894c5193f8/""",zzzbz2024
2024-07-02 04:15:11,《绝区零》2024年7月月历壁纸,https://www.miyoushe.com/zzz/article/54510644,"https://minas.mihoyo.com/d/5db854ed428d4ba38606/""",zzzbz2024
2024-06-01 04:00:15,《绝区零》2024年6月月历壁纸,https://www.miyoushe.com/zzz/article/53379701,"https://minas.mihoyo.com/d/8e190c053f0a448f8a43/""",zzzbz2024
2024-05-01 04:00:13,《绝区零》2024年5月月历壁纸,https://www.miyoushe.com/zzz/article/52261782,"https://minas.mihoyo.com/d/82fd7fc1068e4a5b9c16/""",zzzbz2024
2024-04-01 04:00:15,《绝区零》2024年4月月历壁纸,https://www.miyoushe.com/zzz/article/50968539,"https://minas.mihoyo.com/d/3068238dfa214a1580f1/""",zzzbz2024
2024-03-24 10:00:17,【已开奖】幕后花絮 |「箱庭之内」活动壁纸,https://www.miyoushe.com/zzz/article/50648675,"https://minas.mihoyo.com/d/0bd444977ee149489cd5/""",xtzn2024
2024-03-01 04:00:14,《绝区零》2024年3月月历壁纸,https://www.miyoushe.com/zzz/article/49852753,"https://minas.mihoyo.com/d/732ba3e5c47d47cb8710/""",zzzbz2024
2024-02-01 04:00:15,《绝区零》2024年2月月历壁纸,https://www.miyoushe.com/zzz/article/48606901,"https://minas.mihoyo.com/d/c8dd3a35d0484499b8e6/""",zzzbz2024
2024-01-01 02:00:15,《绝区零》2024年1月月历壁纸,https://www.miyoushe.com/zzz/article/47404510,"https://minas.mihoyo.com/d/8f3b5ad855aa4dc0877f/""",zzzbz2024
2023-12-29 04:00:14,《绝区零》「降噪测试」阵营壁纸合集,https://www.miyoushe.com/zzz/article/47094153,"https://minas.mihoyo.com/d/e6c8d7837f154640b338/""",zzzbz2023
2023-11-17 04:00:17,【已开奖】梦想成真|「三明治香气的梦想」表情包&壁纸,https://www.miyoushe.com/zzz/article/45585963,"https://minas.mihoyo.com/d/825443d1548947e68fc0/""",zzzbqb2023
2022-12-25 04:00:06,【已开奖】《绝区零》壁纸合集005期~,https://www.miyoushe.com/zzz/article/33258167,"https://minas.mihoyo.com/d/730150d71978499b9fde/""",
2022-10-07 04:00:02,【已开奖】《绝区零》壁纸合集004期~,https://www.miyoushe.com/zzz/article/30000278,"https://minas.mihoyo.com/d/71ccb0fceb764db0a6d0/""",
2022-10-06 04:00:02,【已开奖】《绝区零》壁纸合集003期~,https://www.miyoushe.com/zzz/article/29957264,"https://minas.mihoyo.com/d/70151b82a8ab4d7ba03c/""",
2022-10-04 04:00:02,【已开奖】《绝区零》壁纸合集002期~,https://www.miyoushe.com/zzz/article/29860216,"https://minas.mihoyo.com/d/d3025cb90a9f4290b8d9/""",
2022-10-02 04:00:01,【已开奖】《绝区零》壁纸合集001期~,https://www.miyoushe.com/zzz/article/29747911,"https://minas.mihoyo.com/d/acf937a4c9064ee38a06/""",
