post_time,post_name,post_url
2025-11-26 12:00:00,绝区零官方小程序，正式上线！,https://zzz.mihoyo.com/news/161101
2025-11-26 11:00:00,将临未抵的深渊丨2.4版本内容一览（上期）,https://zzz.mihoyo.com/news/161099
2025-11-26 07:00:00,2.4版本「将临未抵的深渊」更新说明,https://zzz.mihoyo.com/news/161098
2025-11-25 18:15:00,「全新放送」活动说明,https://zzz.mihoyo.com/news/161089
2025-11-25 18:00:00,「『嗯呢』棋侠传」活动说明,https://zzz.mihoyo.com/news/161087
2025-11-25 12:30:00,生日快乐比利丨真正的限量款,https://zzz.mihoyo.com/news/161071
2025-11-25 12:15:00,新剧情：主线第二季第五章「将临未抵的深渊」,https://zzz.mihoyo.com/news/161070
2025-11-25 12:00:00,《绝区零》琉音角色展示 | 已读乱回,https://zzz.mihoyo.com/news/161080
2025-11-24 18:15:00,2.4版本「商城」上新说明,https://zzz.mihoyo.com/news/161041
2025-11-24 18:00:00,「卓越搭档」上新说明,https://zzz.mihoyo.com/news/161040
2025-11-24 12:30:00,2.4版本限时频段（上期）,https://zzz.mihoyo.com/news/161038
2025-11-24 12:20:00,关于2.4版本部分语言语音资源缺失问题说明及补偿公告,https://zzz.mihoyo.com/news/161037
2025-11-24 12:15:00,坎卜斯黑枝丨月度之星,https://zzz.mihoyo.com/news/160995
2025-11-24 12:00:00,2.4版本「将临未抵的深渊」预下载开启&更新通知,https://zzz.mihoyo.com/news/161035
2025-11-23 12:30:00,代理人未归档影像丨琉音篇,https://zzz.mihoyo.com/news/160989
2025-11-23 12:00:00,丽都有丽事丨新艾利都不「爆炸」，小客服不放假,https://zzz.mihoyo.com/news/160986
2025-11-22 12:15:00,生日快乐「席德」丨花开半时,https://zzz.mihoyo.com/news/160984
2025-11-22 12:00:00,《绝区零》琉音角色PV | 真相至上主义乐园,https://zzz.mihoyo.com/news/161029
2025-11-21 18:00:00,代理人机制介绍丨琉音篇,https://zzz.mihoyo.com/news/160975
2025-11-19 12:00:00,代理人档案丨叶瞬光,https://zzz.mihoyo.com/news/160960
2025-11-18 12:00:00,迷津渡尽，柳暗光明,https://zzz.mihoyo.com/news/160939
2025-11-17 12:15:00,「数据悬赏-实战模拟」活动说明,https://zzz.mihoyo.com/news/160936
2025-11-15 12:00:00,代理人档案丨照,https://zzz.mihoyo.com/news/160876
2025-11-14 20:25:00,《绝区零》2.4版本「将临未抵的深渊」前瞻特别节目,https://zzz.mihoyo.com/news/160877
2025-11-14 20:20:00,ZTALK | 《绝区零》主线剧情幕后,https://zzz.mihoyo.com/news/160875
2025-11-14 20:10:00,情报总览丨《绝区零》2.4版本「将临未抵的深渊」前瞻特别节目,https://zzz.mihoyo.com/news/160874
2025-11-14 20:05:00,《绝区零》2.4版本PV | 将临未抵的深渊,https://zzz.mihoyo.com/news/160866
2025-11-12 12:00:00,《绝区零》2.4版本「将临未抵的深渊」前瞻特别节目预告,https://zzz.mihoyo.com/news/160832
2025-11-11 12:00:00,生日快乐妮可丨月亮与六丁尼,https://zzz.mihoyo.com/news/160820
2025-11-10 12:15:00,「『141』环保艺展」活动说明,https://zzz.mihoyo.com/news/160816
2025-11-10 12:00:00,《绝区零》策划面对面｜行则将至,https://zzz.mihoyo.com/news/160795
2025-11-05 12:15:00,可曾记得梦丨2.3版本内容一览（下期）,https://zzz.mihoyo.com/news/160723
2025-11-04 12:45:00,新品情报丨LIMEPIE系列 月城柳 1/8手办 小停再出发Ver.,https://zzz.mihoyo.com/news/160715
2025-11-04 12:30:00,新品情报丨GSC粘土人手办 星见雅,https://zzz.mihoyo.com/news/160714
2025-11-04 12:15:00,新品情报丨阵营系列 刑侦特勤组 简·杜 1/7手办,https://zzz.mihoyo.com/news/160713
2025-11-04 12:00:00,《绝区零》伊德海莉角色展示 | 自导自演,https://zzz.mihoyo.com/news/160719
2025-11-03 18:15:00,「『嗯呢』从天降」活动说明,https://zzz.mihoyo.com/news/160707
2025-11-03 18:00:00,「解忧轶事录」活动说明,https://zzz.mihoyo.com/news/160704
2025-11-03 12:15:00,生日快乐奥菲丝&「鬼火」丨蜡烛燃起来！,https://zzz.mihoyo.com/news/160702
2025-11-03 12:00:00,2.3版本限时频段活动（下期）,https://zzz.mihoyo.com/news/160703
2025-11-02 18:00:00,代理人未归档影像丨伊德海莉篇,https://zzz.mihoyo.com/news/160655
2025-11-02 12:15:00,生日快乐柚叶丨南瓜、蓝莓、鼻涕虫！,https://zzz.mihoyo.com/news/160653
2025-11-02 12:00:00,丽都有丽事 | 第三只「手」,https://zzz.mihoyo.com/news/160652
2025-11-01 12:30:00,《绝区零》2025年11月月历壁纸,https://zzz.mihoyo.com/news/160689
2025-10-31 18:00:00,代理人机制介绍丨伊德海莉篇,https://zzz.mihoyo.com/news/160680
2025-10-31 12:15:00,诡魅之夜 | 六分街奇遇记,https://zzz.mihoyo.com/news/160677
2025-10-31 12:00:00,《绝区零》伊德海莉角色PV | 温泉海妖,https://zzz.mihoyo.com/news/160670
2025-10-30 18:15:00,《绝区零》伊德海莉的深夜来电 | 怪谈故事2《深海之眼》,https://zzz.mihoyo.com/news/160663
2025-10-30 18:00:00,《绝区零》伊德海莉的深夜来电 | 怪谈故事1《午夜琴谜》,https://zzz.mihoyo.com/news/160661
2025-10-29 12:00:00,新品情报丨嗯呢系列毛绒挂件上新 周边限时优惠,https://zzz.mihoyo.com/news/160649
2025-10-27 12:00:00,「先遣赏金-定期清剿」活动说明,https://zzz.mihoyo.com/news/160623
2025-10-24 12:00:00,New Eridan Vol.04 I 岸边的鸢尾花,https://zzz.mihoyo.com/news/160600
2025-10-21 12:00:00,生日快乐派派丨福如东海,https://zzz.mihoyo.com/news/160426
2025-10-20 12:00:00,「咔嚓！闪耀大进击」活动说明,https://zzz.mihoyo.com/news/160392
2025-10-19 12:00:00,市民指南丨一键查看最新资讯&菲林统计,https://zzz.mihoyo.com/news/160362
2025-10-18 12:30:00,《绝区零》2.3版本角色头像,https://zzz.mihoyo.com/news/160357
2025-10-18 12:00:00,代理人未归档影像丨卢西娅篇,https://zzz.mihoyo.com/news/160358
2025-10-15 22:00:00,《绝区零》「未眠的絮语」,https://zzz.mihoyo.com/news/160286
2025-10-15 18:00:00,「残梦未尽之时」活动说明,https://zzz.mihoyo.com/news/160256
2025-10-15 14:00:00,《云·绝区零》2.3版本福利一览,https://zzz.mihoyo.com/news/160255
2025-10-15 12:15:00,30菲林奖励刷新！添加Z宝领取版本福利,https://zzz.mihoyo.com/news/160249
2025-10-15 11:15:00,师父发菲林啦~,https://zzz.mihoyo.com/news/160254
2025-10-15 11:00:00,可曾记得梦丨2.3版本内容一览（上期）,https://zzz.mihoyo.com/news/160253
2025-10-15 07:00:00,2.3版本「可曾记得梦」更新说明,https://zzz.mihoyo.com/news/160252
2025-10-14 18:30:00,丽都修葺漫谈Vol.6：系统迭代篇,https://zzz.mihoyo.com/news/160211
2025-10-14 18:15:00,「全新放送」活动说明,https://zzz.mihoyo.com/news/160233
2025-10-14 12:45:00,「昔丘探索手册」活动说明,https://zzz.mihoyo.com/news/160231
2025-10-14 12:30:00,「倒悬的守夜灯」活动与「失梦者奇谭」代理人秘闻说明,https://zzz.mihoyo.com/news/160228
2025-10-14 12:00:00,银锋解放丨「零号·安比」深度潜能激发介绍,https://zzz.mihoyo.com/news/160207
2025-10-13 19:30:00,「调频回馈」与「商城」上新一览,https://zzz.mihoyo.com/news/160182
2025-10-13 18:30:00,《绝区零》卢西娅EP《DAMIDAMI》现已上架音乐平台,https://zzz.mihoyo.com/news/160218
2025-10-13 12:30:00,新剧情：主线第二季第四章「可曾记得梦」,https://zzz.mihoyo.com/news/160181
2025-10-13 12:15:00,2.3版本限时频段活动（上期）,https://zzz.mihoyo.com/news/160180
2025-10-13 12:05:00,2.3版本「可曾记得梦」预下载开启&更新通知,https://zzz.mihoyo.com/news/160179
2025-10-13 12:00:00,《绝区零》卢西娅EP | DAMIDAMI,https://zzz.mihoyo.com/news/160184
2025-10-12 18:00:00,代理人机制介绍丨狛野真斗篇,https://zzz.mihoyo.com/news/160167
2025-10-12 12:30:00,《绝区零》「未眠的絮语」特别直播预告,https://zzz.mihoyo.com/news/160169
2025-10-12 12:00:00,代理人档案丨般岳,https://zzz.mihoyo.com/news/160163
2025-10-12 11:00:00,《绝区零》幕间PV | 狛野真斗的日常,https://zzz.mihoyo.com/news/160172
2025-10-11 18:00:00,代理人档案丨琉音,https://zzz.mihoyo.com/news/160139
2025-10-11 12:15:00,丽都有丽事丨凶铃外卖,https://zzz.mihoyo.com/news/160143
2025-10-10 12:00:00,《绝区零》卢西娅角色展示 | 鉴定绳网热门以骸,https://zzz.mihoyo.com/news/160129
2025-10-09 12:00:00,代理人机制介绍丨卢西娅篇,https://zzz.mihoyo.com/news/160110
2025-10-07 12:15:00,「数据悬赏-实战模拟」活动说明,https://zzz.mihoyo.com/news/159947
2025-10-07 12:00:00,生日快乐伊芙琳丨此刻的闪耀,https://zzz.mihoyo.com/news/159979
2025-10-06 12:00:00,月下故事会丨镜花水月,https://zzz.mihoyo.com/news/159973
2025-10-04 12:00:00,生日快乐莱卡恩丨在黎明破晓前,https://zzz.mihoyo.com/news/159972
2025-10-02 12:00:00,「『嗯呢』大寻宝」活动说明,https://zzz.mihoyo.com/news/159946
2025-10-01 12:00:00,《绝区零》2025年10月月历壁纸,https://zzz.mihoyo.com/news/159940
2025-09-30 12:15:00,《云•绝区零》限时福利放送,https://zzz.mihoyo.com/news/159932
2025-09-29 20:25:00,《绝区零》2.3版本「可曾记得梦」前瞻特别节目,https://zzz.mihoyo.com/news/159975
2025-09-29 20:20:00,情报总览丨《绝区零》2.3版本「可曾记得梦」前瞻特别节目,https://zzz.mihoyo.com/news/159971
2025-09-29 20:20:00,《绝区零》2025 FES 动画CM | 丽都闪耀时,https://zzz.mihoyo.com/news/159970
2025-09-29 20:15:00,《绝区零》2.3版本PV | 可曾记得梦,https://zzz.mihoyo.com/news/159967
2025-09-29 20:05:00,《绝区零》先导预告 | 一瞬之光,https://zzz.mihoyo.com/news/159963
2025-09-29 12:00:00,官方企业微信公开测试启动，绑定即领菲林奖励！,https://zzz.mihoyo.com/news/159933
2025-09-28 12:00:00,「惊喜派送中」活动说明,https://zzz.mihoyo.com/news/159922
2025-09-26 18:00:00,《绝区零》2.3版本「可曾记得梦」前瞻特别节目预告,https://zzz.mihoyo.com/news/159844
2025-09-26 12:00:00,「音跃狂潮」活动说明,https://zzz.mihoyo.com/news/159860
2025-09-25 12:00:00,新品情报丨邦布摇摇乐上新 周边限时优惠,https://zzz.mihoyo.com/news/159693
2025-09-24 12:15:00,不要温和地走入那良夜丨2.2版本内容一览（下期）,https://zzz.mihoyo.com/news/159659
2025-09-23 12:15:00,生日快乐丽娜丨不可阻挡,https://zzz.mihoyo.com/news/159607
2025-09-23 12:00:00,《绝区零》奥菲丝&鬼火角色展示 | 枪管过热,https://zzz.mihoyo.com/news/159621
2025-09-22 13:00:00,「问题士兵补习班」活动说明,https://zzz.mihoyo.com/news/159596
2025-09-22 12:45:00,「『嗯呢』从天降」活动说明,https://zzz.mihoyo.com/news/159595
2025-09-22 12:30:00,2.2版本限时频段（下期）,https://zzz.mihoyo.com/news/159594
2025-09-22 12:15:00,茶百道丨绝区零联动PV：在小花田里种呀种呀种,https://zzz.mihoyo.com/news/159598
2025-09-22 12:00:00,茶百道丨绝区零联动KV：小队同行，饮茶先,https://zzz.mihoyo.com/news/159597
2025-09-21 12:00:00,生日快乐柳丨步履不停,https://zzz.mihoyo.com/news/159577
2025-09-19 18:30:00,《绝区零》奥菲丝&鬼火EP《FURYON 狂怒觉醒》现已上架音乐平台,https://zzz.mihoyo.com/news/159573
2025-09-19 18:00:00,代理人机制介绍丨奥菲丝&「鬼火」篇,https://zzz.mihoyo.com/news/159567
2025-09-19 12:00:00,《绝区零》奥菲丝&鬼火EP | FURYON 狂怒觉醒,https://zzz.mihoyo.com/news/159556
2025-09-17 12:00:00,丽都有丽事丨默契大挑战！,https://zzz.mihoyo.com/news/159541
2025-09-16 12:00:00,「先遣赏金-定期清剿」活动说明,https://zzz.mihoyo.com/news/159529
2025-09-11 12:00:00,「激战聚光决胜」活动说明,https://zzz.mihoyo.com/news/159376
2025-09-08 12:15:00,《绝区零》2.2版本角色头像,https://zzz.mihoyo.com/news/159298
2025-09-08 12:00:00,「寻梦瓶游记」活动说明,https://zzz.mihoyo.com/news/159294
2025-09-05 12:00:00,邦布们的说明书丨「墨丘利」,https://zzz.mihoyo.com/news/159217
2025-09-04 11:00:00,不要温和地走入那良夜丨2.2版本内容一览（上期）,https://zzz.mihoyo.com/news/159172
2025-09-04 07:00:00,2.2版本「不要温和地走入那良夜」更新说明,https://zzz.mihoyo.com/news/159174
2025-09-02 18:05:00,「全新放送」活动说明,https://zzz.mihoyo.com/news/159155
2025-09-02 18:00:00,「小邦布勇任防卫军」活动说明,https://zzz.mihoyo.com/news/159153
2025-09-02 12:20:00,「奇花异旅」活动与「席德」代理人秘闻说明,https://zzz.mihoyo.com/news/159151
2025-09-02 12:15:00,新剧情：主线第二季第三章「不要温和地走入那良夜」,https://zzz.mihoyo.com/news/159144
2025-09-02 12:00:00,《绝区零》席德角色PV | 光映无奇事,https://zzz.mihoyo.com/news/159150
2025-08-22 20:10:00,《绝区零》2.2版本「不要温和地走入那良夜」前瞻特别节目,https://zzz.mihoyo.com/news/159850
2025-08-20 12:00:00,《绝区零》2.2版本「不要温和地走入那良夜」前瞻特别节目预告,https://zzz.mihoyo.com/news/159851
2025-07-22 12:15:00,周边展示丨《绝区零》GSC粘土人手办 浅羽悠真,https://zzz.mihoyo.com/news/159692
2025-07-15 18:30:00,《绝区零》浮波柚叶EP《乐园梦游计》现已上架音乐平台,https://zzz.mihoyo.com/news/159555
2025-09-01 18:00:00,2.2版本「商城」上新说明,https://zzz.mihoyo.com/news/159120
2025-09-01 17:00:00,《绝区零》2025年9月月历壁纸,https://zzz.mihoyo.com/news/159131
2025-09-01 12:20:00,生日快乐朱鸢丨平凡和珍贵相同,https://zzz.mihoyo.com/news/159124
2025-09-01 12:15:00,「卓越搭档」上新说明,https://zzz.mihoyo.com/news/159119
2025-09-01 12:10:00,2.2版本限时频段活动（上期）,https://zzz.mihoyo.com/news/159118
2025-09-01 12:05:00,2.2版本「不要温和地走入那良夜」预下载开启&更新通知,https://zzz.mihoyo.com/news/159117
2025-09-01 12:00:00,《绝区零》席德角色展示 | 白色恶魔,https://zzz.mihoyo.com/news/159123
2025-08-31 18:00:00,代理人未归档影像丨「席德」篇,https://zzz.mihoyo.com/news/159114
2025-08-31 12:15:00,唠嗑时间,https://zzz.mihoyo.com/news/159113
2025-08-31 12:00:00,奥波勒斯小队丨驾驶舱一隅,https://zzz.mihoyo.com/news/159112
2025-08-30 18:00:00,代理人机制介绍丨「席德」篇,https://zzz.mihoyo.com/news/159080
2025-08-30 12:15:00,生日快乐爱丽丝丨夏日待续,https://zzz.mihoyo.com/news/159063
2025-08-30 12:00:00,《绝区零》席德动画短片 | 爱，死亡与构造体,https://zzz.mihoyo.com/news/159100
2024-07-04 10:00:00,调频概率公示一览,https://zzz.mihoyo.com/news/123482
2025-08-26 12:05:00,新品情报丨蔬果国度盲盒首发 周边限时优惠,https://zzz.mihoyo.com/news/159019
2025-08-26 12:00:00,「数据悬赏-实战模拟」活动说明,https://zzz.mihoyo.com/news/159016
2025-08-24 12:00:00,代理人档案丨伊德海莉,https://zzz.mihoyo.com/news/159014
2025-08-23 12:45:00,新品情报 | 绒绒邦布系列 毛绒挂件盲盒,https://zzz.mihoyo.com/news/158987
2025-08-23 12:30:00,新品情报 | S.H.Figuarts 绝区零 比利·奇德 可动手办,https://zzz.mihoyo.com/news/158986
2025-08-23 12:15:00,新品情报 | 阵营系列 维多利亚家政 丽娜 1/7手办,https://zzz.mihoyo.com/news/158983
2025-08-23 12:00:00,周边展示丨《绝区零》邦布蔬果国度 迷你盲盒,https://zzz.mihoyo.com/news/158965
2025-08-23 10:30:00,代理人档案丨狛野真斗,https://zzz.mihoyo.com/news/159013
2025-08-23 10:00:00,代理人档案丨卢西娅,https://zzz.mihoyo.com/news/159012
2025-08-22 20:10:00,《绝区零》2.2版本「不要温和地走入那良夜」前瞻特别节目,https://zzz.mihoyo.com/news/159011
2025-08-22 20:05:00,《绝区零》2.2版本PV | 不要温和地走入那良夜,https://zzz.mihoyo.com/news/159003
2025-08-22 20:05:00,情报总览丨《绝区零》2.2版本「不要温和地走入那良夜」前瞻特别节目,https://zzz.mihoyo.com/news/159000
2025-08-20 12:15:00,生日快乐雨果丨这么大的钻石…,https://zzz.mihoyo.com/news/158868
2025-08-20 12:00:00,《绝区零》2.2版本「不要温和地走入那良夜」前瞻特别节目预告,https://zzz.mihoyo.com/news/158861
2025-08-18 12:00:00,「拼出澄辉夏日！」活动说明,https://zzz.mihoyo.com/news/158687
2025-08-14 12:00:00,生日快乐露西丨食材不基础，器皿也不基础,https://zzz.mihoyo.com/news/158608
2025-08-11 12:00:00,「乔乔的太空探秘」活动说明,https://zzz.mihoyo.com/news/158510
2025-08-10 12:00:00,生日快乐珂蕾妲丨大人的样子,https://zzz.mihoyo.com/news/158503
2025-08-05 12:15:00,「幽灵船大冒险」活动说明,https://zzz.mihoyo.com/news/158485
2025-08-05 12:00:00,《绝区零》爱丽丝角色PV | 淑女的信条,https://zzz.mihoyo.com/news/158491
2025-08-04 18:00:00,「『嗯呢』从天降」活动说明,https://zzz.mihoyo.com/news/158483
2025-08-04 12:15:00,警惕对称陷阱！,https://zzz.mihoyo.com/news/158470
2025-08-04 12:00:00,2.1版本限时频段（下期）,https://zzz.mihoyo.com/news/158466
2025-08-02 18:00:00,代理人机制介绍：爱丽丝篇,https://zzz.mihoyo.com/news/158060
2025-08-02 12:00:00,《绝区零》爱丽丝角色展示 | 剑与华尔兹,https://zzz.mihoyo.com/news/158276
2025-08-01 12:00:00,《绝区零》2025年8月月历壁纸,https://zzz.mihoyo.com/news/158058
2025-07-31 12:00:00,「先遣赏金-定期清剿」活动说明,https://zzz.mihoyo.com/news/158043
2025-07-30 12:00:00,生日快乐猫又丨绰绰有鱼,https://zzz.mihoyo.com/news/158025
2025-07-27 12:00:00,「『嗯呢』棋闻录」活动介绍,https://zzz.mihoyo.com/news/157985
2025-07-26 18:00:00,New Eridan Vol.03 I 冲！冲！冲向海边！,https://zzz.mihoyo.com/news/157975
2025-07-26 12:00:00,代理人档案 | 奥菲丝·马格努森 &「鬼火」,https://zzz.mihoyo.com/news/157915
2025-07-25 18:00:00,「『嗯呢』棋闻录」活动说明,https://zzz.mihoyo.com/news/157923
2025-07-25 12:00:00,代理人档案 | 「席德」,https://zzz.mihoyo.com/news/157926
2025-07-22 12:15:00,周边展示丨《绝区零》GSC粘土人手办 浅羽悠真,https://zzz.mihoyo.com/news/157788
2025-07-22 12:00:00,《绝区零》过场动画 | 夏日永不完结,https://zzz.mihoyo.com/news/157795
2025-07-21 13:00:00,《绝区零》「丽都漫步」系列表情包第六弹,https://zzz.mihoyo.com/news/157777
2025-07-21 12:00:00,「最靓鱼档传说」活动说明,https://zzz.mihoyo.com/news/157775
2025-07-20 13:00:00,《绝区零》2.1版本角色头像,https://zzz.mihoyo.com/news/157763
2025-07-20 12:00:00,秽息妖鬼·名可名——强敌侦察档案,https://zzz.mihoyo.com/news/157762
2025-07-19 12:00:00,生日快乐悠真丨开工没有回头见,https://zzz.mihoyo.com/news/157768
2025-07-17 18:00:00,邦布们的说明书丨艾丝弥小姐,https://zzz.mihoyo.com/news/157727
2025-07-17 12:00:00,《绝区零》夏日活动「仲夏游梦绮谭」现已开启！,https://zzz.mihoyo.com/news/157723
2025-07-16 12:00:00,迟吟的浪涌——2.1版本活动一览,https://zzz.mihoyo.com/news/157705
2025-07-16 06:00:00,2.1版本「迟吟的浪涌」更新说明,https://zzz.mihoyo.com/news/157699
2025-07-15 18:30:00,《绝区零》浮波柚叶EP《乐园梦游计》现已上架音乐平台,https://zzz.mihoyo.com/news/157693
2025-07-15 18:00:00,2.1版本「商城」上新说明,https://zzz.mihoyo.com/news/157692
2025-07-15 12:45:00,「卓越搭档」上新说明,https://zzz.mihoyo.com/news/157688
2025-07-15 12:30:00,2.1版本限时频段（上期）,https://zzz.mihoyo.com/news/157680
2025-07-15 12:15:00,丽都修葺漫谈vol5：系统迭代篇,https://zzz.mihoyo.com/news/157678
2025-07-15 12:00:00,《绝区零》浮波柚叶EP | 乐园梦游计,https://zzz.mihoyo.com/news/157684
2025-07-14 18:15:00,「全新放送」活动说明,https://zzz.mihoyo.com/news/157673
2025-07-14 18:00:00,「仲夏游梦绮谭」活动说明,https://zzz.mihoyo.com/news/157672
2025-07-14 12:30:00,邦巢惊魂,https://zzz.mihoyo.com/news/157664
2025-07-14 12:15:00,「仲夏游梦绮谭」活动介绍,https://zzz.mihoyo.com/news/157661
2025-07-14 12:05:00,新剧情：主线第二季第二章「迟吟的浪涌」,https://zzz.mihoyo.com/news/157659
2025-07-14 12:00:00,2.1版本「迟吟的浪涌」预下载开启&更新通知,https://zzz.mihoyo.com/news/157658
2025-07-13 18:00:00,专业挑战室 | 《绝区零》战斗设计幕后 第一期,https://zzz.mihoyo.com/news/157598
2025-07-12 18:00:00,代理人机制介绍：浮波柚叶篇,https://zzz.mihoyo.com/news/157589
2025-07-12 12:00:00,《绝区零》浮波柚叶角色展示 | 鬼使狸差,https://zzz.mihoyo.com/news/157590
2025-07-10 12:15:00,周边展示丨《绝区零》POP UP PARADE SP珂蕾妲&格莉丝,https://zzz.mihoyo.com/news/157561
2025-07-06 12:00:00,新品情报丨酷酷邦布盲盒首发 周边限时优惠,https://zzz.mihoyo.com/news/157505
2025-07-05 12:45:00,新品情报丨Bangboo Standee系列 酷酷邦布手办盲盒第一弹,https://zzz.mihoyo.com/news/157501
2025-07-05 12:30:00,新品情报丨POP UP PARADE SP珂蕾妲&格莉丝 手办,https://zzz.mihoyo.com/news/157502
2025-07-05 12:15:00,新品情报丨GSC粘土人手办 浅羽悠真,https://zzz.mihoyo.com/news/157500
2025-07-05 12:00:00,新品情报 | 阵营系列 维多利亚家政 艾莲·乔 1/7手办,https://zzz.mihoyo.com/news/157499
2025-07-04 20:35:00,《绝区零》2.1版本「迟吟的浪涌」前瞻特别节目,https://zzz.mihoyo.com/news/157495
2025-07-04 20:30:00,致绳匠的答谢信,https://zzz.mihoyo.com/news/157497
2025-07-04 20:30:00,《绝区零》1周年特别纪念GMV,https://zzz.mihoyo.com/news/157496
2025-07-04 20:25:00,《绝区零》2.1版本「迟吟的浪涌」前瞻特别节目丨情报总览,https://zzz.mihoyo.com/news/157498
2025-07-04 20:25:00,《绝区零》2.1版本PV | 迟吟的浪涌,https://zzz.mihoyo.com/news/157493
2025-07-04 12:00:00,「『141』 电池艺术」活动说明,https://zzz.mihoyo.com/news/157481
2025-07-02 14:00:00,芬达｜绝区零联动KV：欢迎加入芬达多巴胺特派团,https://zzz.mihoyo.com/news/157445
2025-07-02 14:00:00,芬达 | 绝区零联动PV：多巴胺，即刻行动！,https://zzz.mihoyo.com/news/157439
2025-07-02 12:45:00,「实战特训-三倍悬赏」活动说明,https://zzz.mihoyo.com/news/157438
2025-07-02 12:00:00,《绝区零》2.1版本「迟吟的浪涌」前瞻特别节目预告,https://zzz.mihoyo.com/news/157440
2025-07-01 12:15:00,「生日贺礼」更新说明,https://zzz.mihoyo.com/news/157431
2025-07-01 12:00:00,《绝区零》2025年7月月历壁纸,https://zzz.mihoyo.com/news/157422
2025-06-26 12:15:00,「美味大作战」活动说明,https://zzz.mihoyo.com/news/157339
2025-06-26 12:00:00,云岿开课之百兽讲堂,https://zzz.mihoyo.com/news/157340
2025-06-24 12:15:00,「虎啸有风生」活动说明,https://zzz.mihoyo.com/news/157311
2025-06-24 12:00:00,新剧情：代理人秘闻「《猛虎伏魔传！》」,https://zzz.mihoyo.com/news/157310
2025-06-23 18:30:00,《绝区零》橘福福EP《食通万物 修心修身》现已上架音乐平台,https://zzz.mihoyo.com/news/157304
2025-06-23 12:15:00,2.0版本限时频段（下期）,https://zzz.mihoyo.com/news/157225
2025-06-23 12:00:00,《绝区零》橘福福EP | 食通万物 修心修身,https://zzz.mihoyo.com/news/157288
2025-06-22 12:00:00,代理人机制介绍：橘福福篇,https://zzz.mihoyo.com/news/157223
2025-06-21 18:00:00,【Fairy的生物观察记录】云岿山的一天,https://zzz.mihoyo.com/news/157221
2025-06-20 12:00:00,《绝区零》橘福福角色展示 | 绝世豪虎,https://zzz.mihoyo.com/news/157210
2025-06-19 12:30:00,生日快乐波可娜丨尾巴可不是用来…,https://zzz.mihoyo.com/news/157171
2025-06-19 12:00:00,生日快乐雅丨于初夏成霜,https://zzz.mihoyo.com/news/157164
2025-06-16 12:00:00,「特别清剿-三倍赏金」活动说明,https://zzz.mihoyo.com/news/157023
2025-06-12 12:00:00,《绝区零》2.0版本角色头像,https://zzz.mihoyo.com/news/156914
2025-06-11 12:15:00,「全息强袭战域」活动说明,https://zzz.mihoyo.com/news/156905
2025-06-11 12:00:00,邦布们的说明书丨狮耶,https://zzz.mihoyo.com/news/156907
2025-06-10 12:00:00,《绝区零》过场动画 | 玄鸟归巢之时,https://zzz.mihoyo.com/news/156897
2025-06-09 10:00:00,代理人档案 | 爱丽丝·泰姆菲尔德,https://zzz.mihoyo.com/news/156817
2025-06-08 18:15:00,《云·绝区零》PC端6月6日上线，秒启原画体验！,https://zzz.mihoyo.com/news/156815
2025-06-08 18:00:00,代理人档案 | 浮波柚叶,https://zzz.mihoyo.com/news/156816
2025-06-08 12:30:00,New Eridan Vol.02 I 云岿山门人，前来拜见！,https://zzz.mihoyo.com/news/156800
2025-06-08 12:00:00,《绝区零》过场动画 | 济世之士,https://zzz.mihoyo.com/news/156811
2025-06-07 18:00:00,THE NEW'S Vol.011 行匀澄辉坪,https://zzz.mihoyo.com/news/156801
2025-06-07 12:30:00,「缘于引力的邂逅」活动说明,https://zzz.mihoyo.com/news/156793
2025-06-07 12:15:00,符力放送,https://zzz.mihoyo.com/news/156799
2025-06-07 12:00:00,《绝区零》「丽都漫步」系列表情包第五弹,https://zzz.mihoyo.com/news/156796
2025-06-06 12:05:00,「集结委托：回归丽都」2.0版本网页活动现已上线！,https://zzz.mihoyo.com/news/156770
2025-06-06 11:00:00,云霞同归处——2.0版本活动一览,https://zzz.mihoyo.com/news/156760
2025-06-06 10:00:00,2.0云游戏PC端正式上线公告,https://zzz.mihoyo.com/news/156764
2025-06-06 07:00:00,2.0版本「云霞同归处」更新说明,https://zzz.mihoyo.com/news/156759
2025-06-05 18:30:00,「卓越搭档」上新说明,https://zzz.mihoyo.com/news/156715
2025-06-05 18:15:00,「『钢魂：黄金之绊』」活动说明,https://zzz.mihoyo.com/news/156716
2025-06-05 18:00:00,「金绳奖年度盛典」活动说明,https://zzz.mihoyo.com/news/156717
2025-06-05 13:00:00,新歌活动丨仪玄EP《不及》H5活动现已开启,https://zzz.mihoyo.com/news/156734
2025-06-05 12:30:00,丽都修葺漫谈Vol.4：系统迭代篇,https://zzz.mihoyo.com/news/156705
2025-06-05 12:00:00,《绝区零》仪玄角色PV | 今日卦象：宜下山,https://zzz.mihoyo.com/news/156723
2025-06-03 19:00:00,2.0版本「商城」上新说明,https://zzz.mihoyo.com/news/156696
2025-06-03 14:00:00,2.0版本「云霞同归处」预下载开启&更新通知,https://zzz.mihoyo.com/news/156689
2025-06-03 12:30:00,周边展示丨《绝区零》猫猫拾光系列毛绒挂件,https://zzz.mihoyo.com/news/156687
2025-06-03 12:15:00,云岿山丨云岿山修炼手册,https://zzz.mihoyo.com/news/156684
2025-06-03 12:00:00,丽都修葺漫谈Vol.4：「勘域」玩法篇,https://zzz.mihoyo.com/news/156681
2025-06-02 18:15:00,2.0版本限时频段（上期）,https://zzz.mihoyo.com/news/156671
2025-06-02 18:00:00,庆典福利说明,https://zzz.mihoyo.com/news/156670
2025-06-02 12:45:00,新剧情：主线第二季第一章「云霞同归处」,https://zzz.mihoyo.com/news/156672
2025-06-02 12:30:00,生日快乐可琳丨蛋糕分你一半,https://zzz.mihoyo.com/news/156673
2025-06-02 12:15:00,丽都修葺漫谈Vol.4：随便观日常篇,https://zzz.mihoyo.com/news/156669
2025-06-01 18:00:00,代理人机制介绍：潘引壶篇,https://zzz.mihoyo.com/news/156668
2025-06-01 13:00:00,《绝区零》2025年6月月历壁纸,https://zzz.mihoyo.com/news/156663
2025-06-01 12:45:00,《绝区零》仪玄EP《不及》现已上架音乐平台,https://zzz.mihoyo.com/news/156667
2025-05-31 18:00:00,《绝区零》仪玄动画短片 | 为了我的仪玄,https://zzz.mihoyo.com/news/156662
2025-05-31 12:15:00,端午计划丨竹叶闲敲盏,https://zzz.mihoyo.com/news/156658
2025-05-30 18:00:00,代理人机制介绍：仪玄篇,https://zzz.mihoyo.com/news/156639
2025-05-30 12:00:00,《绝区零》仪玄角色展示 | 决战武道之巅,https://zzz.mihoyo.com/news/156642
2025-05-29 12:00:00,「数据悬赏-实战模拟」活动说明,https://zzz.mihoyo.com/news/156438
2025-05-27 12:30:00,新品情报丨猫猫拾光系列首发 周边限时优惠,https://zzz.mihoyo.com/news/156232
2025-05-27 12:00:00,「艾莲」新增机制说明,https://zzz.mihoyo.com/news/156233
2025-05-24 13:00:00,新品情报丨极速传说系列 邦布玩具车拼装积木,https://zzz.mihoyo.com/news/156065
2025-05-24 12:45:00,新品情报丨潮音系列 邦布艺术吊卡,https://zzz.mihoyo.com/news/156064
2025-05-24 12:30:00,新品情报丨GSC粘土人手办 冯·莱卡恩,https://zzz.mihoyo.com/news/156036
2025-05-24 12:15:00,新品情报 | 阵营系列 维多利亚家政 冯·莱卡恩1/7手办,https://zzz.mihoyo.com/news/156028
2025-05-24 12:00:00,一周年特别留言征集活动,https://zzz.mihoyo.com/news/156059
2025-05-23 21:00:00,《绝区零》一周年纪念回放 | 2024空洞漫游,https://zzz.mihoyo.com/news/156046
2025-05-23 20:30:00,「下一站：卫非地！」2.0版本预约活动现已上线！,https://zzz.mihoyo.com/news/156057
2025-05-23 20:20:00,《云·绝区零》Windows与macOS双平台PC端即将上线！,https://zzz.mihoyo.com/news/156054
2025-05-23 20:15:00,《绝区零》周年庆典福利速递,https://zzz.mihoyo.com/news/156048
2025-05-23 20:10:00,《绝区零》2.0版本「云霞同归处」前瞻特别节目,https://zzz.mihoyo.com/news/156055
2025-05-23 20:10:00,情报总览丨《绝区零》2.0版本「云霞同归处」前瞻特别节目,https://zzz.mihoyo.com/news/156047
2025-05-23 20:05:00,《绝区零》2.0版本PV | 云霞同归处,https://zzz.mihoyo.com/news/156049
2025-05-23 12:00:00,生日快乐柏妮思丨原料是焦糖和风滚草,https://zzz.mihoyo.com/news/156037
2025-05-22 12:00:00,卫非地行前日历,https://zzz.mihoyo.com/news/156016
2025-05-21 12:00:00,「惊喜派送中」活动说明,https://zzz.mihoyo.com/news/155993
2025-05-19 12:00:00,《绝区零》2.0版本「云霞同归处」前瞻特别节目预告,https://zzz.mihoyo.com/news/155957
2025-05-18 12:00:00,「镜花异游记」活动说明,https://zzz.mihoyo.com/news/155951
2025-05-15 12:00:00,今夜·银月狩约,https://zzz.mihoyo.com/news/155935
2025-05-13 17:00:00,精彩瞬间 | 2025北京IDO全程回顾,https://zzz.mihoyo.com/news/155922
2025-05-13 13:00:00,"《绝区零》雨果EP《My Curse, My Fate》现已上架音乐平台",https://zzz.mihoyo.com/news/155916
2025-05-13 12:45:00,「『嗯呢』从天降」活动说明,https://zzz.mihoyo.com/news/155909
2025-05-13 12:30:00,「乘上春日的影像」活动说明,https://zzz.mihoyo.com/news/155906
2025-05-13 12:15:00,合作者档案更新 | 莱特,https://zzz.mihoyo.com/news/155910
2025-05-13 12:00:00,"《绝区零》雨果EP | My Curse, My Fate「Destin et malédiction」",https://zzz.mihoyo.com/news/155914
2025-05-11 18:00:00,1.7版本限时频段（下期）,https://zzz.mihoyo.com/news/155891
2025-05-11 12:30:00,绳网精选-1.7版本音擎上新 | 第二弹,https://zzz.mihoyo.com/news/155890
2025-05-11 12:00:00,代理人机制介绍：雨果篇,https://zzz.mihoyo.com/news/155889
2025-05-10 12:00:00,《Behind the Agent》采访手记：雨果篇,https://zzz.mihoyo.com/news/155887
2025-05-09 12:00:00,《绝区零》雨果角色展示 | 末日领衔主犯,https://zzz.mihoyo.com/news/155863
2025-05-05 12:00:00,「先遣赏金-定期清剿」活动说明,https://zzz.mihoyo.com/news/155769
2025-05-02 12:00:00,生日快乐安东丨行业表彰！,https://zzz.mihoyo.com/news/155770
2025-05-01 12:15:00,《绝区零》2025年5月月历壁纸,https://zzz.mihoyo.com/news/155754
2025-05-01 12:00:00,劳动节快乐丨以逸待劳,https://zzz.mihoyo.com/news/155759
2025-04-30 12:00:00,「美味食光全城热配」活动说明,https://zzz.mihoyo.com/news/155730
2025-04-29 12:00:00,邦布们的说明书丨罗宾,https://zzz.mihoyo.com/news/155710
2025-04-28 12:00:00,《绝区零》过场动画 | 眼泪成诗,https://zzz.mihoyo.com/news/155695
2025-04-28 10:00:00,《云•绝区零》商品上新说明,https://zzz.mihoyo.com/news/155693
2025-04-27 12:00:00,代理人档案 | 橘福福,https://zzz.mihoyo.com/news/155680
2025-04-26 17:00:00,《绝区零》1.7版本角色头像,https://zzz.mihoyo.com/news/155663
2025-04-26 12:15:00,代理人档案 | 潘引壶,https://zzz.mihoyo.com/news/155667
2025-04-26 12:00:00,代理人档案 | 仪玄,https://zzz.mihoyo.com/news/155675
2025-04-25 12:15:00,「邦邦冲冲冲」活动说明,https://zzz.mihoyo.com/news/155643
2025-04-25 12:00:00,《绝区零》过场动画 | 他自深渊归来,https://zzz.mihoyo.com/news/155644
2025-04-24 12:00:00,请查收您的敲敲生涯报告！,https://zzz.mihoyo.com/news/155628
2025-04-23 07:00:00,1.7版本「将眼泪与过往一同埋葬」更新说明,https://zzz.mihoyo.com/news/155610
2025-04-22 18:15:00,「卓越搭档」上新说明,https://zzz.mihoyo.com/news/155602
2025-04-22 18:00:00,「全新放送」活动说明,https://zzz.mihoyo.com/news/155600
2025-04-22 13:00:00,「花语未明之言」活动说明,https://zzz.mihoyo.com/news/155590
2025-04-22 12:30:00,新剧情：主线第一季·尾音「将眼泪与过往一同埋葬 下」,https://zzz.mihoyo.com/news/155588
2025-04-22 12:00:00,《绝区零》薇薇安角色展示 | 花束般的眷恋,https://zzz.mihoyo.com/news/155591
2025-04-21 19:00:00,1.7版本限时频段（上期）,https://zzz.mihoyo.com/news/155587
2025-04-21 18:00:00,合作者档案更新 | 简,https://zzz.mihoyo.com/news/155578
2025-04-21 12:30:00,生日快乐「扳机」丨今天的风是花粉夹心,https://zzz.mihoyo.com/news/155567
2025-04-21 12:15:00,反舌鸟丨星廊启扉,https://zzz.mihoyo.com/news/155561
2025-04-21 12:00:00,1.7版本「将眼泪与过往一同埋葬」预下载开启&更新通知,https://zzz.mihoyo.com/news/155560
2025-04-20 12:30:00,绳网精选-1.7版本音擎上新 | 第一弹,https://zzz.mihoyo.com/news/155559
2025-04-20 12:00:00,代理人机制介绍：薇薇安篇,https://zzz.mihoyo.com/news/155558
2025-04-19 12:00:00,《Behind the Agent》采访手记：薇薇安篇,https://zzz.mihoyo.com/news/155556
2025-04-18 18:00:00,《绝区零》确认参展49th IDO动漫游戏嘉年华！,https://zzz.mihoyo.com/news/155552
2025-04-18 12:00:00,《绝区零》薇薇安角色PV | 飞鸟歌颂之时,https://zzz.mihoyo.com/news/155550
2025-04-14 18:00:00,生日快乐格莉丝丨最优先事项,https://zzz.mihoyo.com/news/155500
2025-04-14 12:00:00,「数据悬赏-实战模拟」活动说明,https://zzz.mihoyo.com/news/155481
2025-04-13 12:00:00,《绝区零》第二季先导PV | 锁秽遮目障万重,https://zzz.mihoyo.com/news/155480
2025-04-11 20:05:00,情报总览丨《绝区零》1.7版本「将眼泪与过往一同埋葬」前瞻特别节目,https://zzz.mihoyo.com/news/155465
2025-04-11 20:00:00,《绝区零》1.7版本「将眼泪与过往一同埋葬」前瞻特别节目,https://zzz.mihoyo.com/news/155472
2025-04-11 19:55:00,《绝区零》1.7版本PV | 将眼泪与过往一同埋葬,https://zzz.mihoyo.com/news/155469
2025-04-10 13:00:00,新品情报丨GSC POP UP PARADE SP铃&哲 手办,https://zzz.mihoyo.com/news/155434
2025-04-10 12:15:00,新品情报丨ART系列 邦布艺术藏品 等待风化Ver.,https://zzz.mihoyo.com/news/155433
2025-04-10 12:00:00,六分街街头异闻丨第20话 暗中相助,https://zzz.mihoyo.com/news/155426
2025-04-09 12:15:00,新品情报丨Happy Shake系列上新 周边限时优惠,https://zzz.mihoyo.com/news/155415
2025-04-09 12:00:00,《绝区零》1.7版本「将眼泪与过往一同埋葬」前瞻特别节目预告,https://zzz.mihoyo.com/news/155409
2025-04-08 12:15:00,生日快乐赛斯丨见字如面,https://zzz.mihoyo.com/news/155388
2025-04-08 12:00:00,《绝区零》策划面对面｜第二季展望！,https://zzz.mihoyo.com/news/155399
2025-04-07 12:00:00,「小小骑士大冲锋」活动说明,https://zzz.mihoyo.com/news/155379
2025-04-06 12:00:00,城市快报·都市传说特辑,https://zzz.mihoyo.com/news/155362
2025-04-05 12:00:00,《绝区零》过场动画 | 风止浪息之时,https://zzz.mihoyo.com/news/155371
2025-04-01 13:00:00,《绝区零》2025年4月月历壁纸,https://zzz.mihoyo.com/news/155346
2025-04-01 12:00:00,《绝区零》扳机角色PV | 蚀目的证言,https://zzz.mihoyo.com/news/155341
2025-04-01 10:30:00,《绝区零》星徽骑士EP《拂晓之空 闪耀之誓》现已上架音乐平台,https://zzz.mihoyo.com/news/155338
2025-04-01 10:00:00,《绝区零》星徽骑士EP丨拂晓之空 闪耀之誓,https://zzz.mihoyo.com/news/155340
2025-03-31 18:00:00,合作者档案更新 | 朱鸢,https://zzz.mihoyo.com/news/155334
2025-03-31 12:40:00,新剧情：代理人秘闻「目不可及」,https://zzz.mihoyo.com/news/155333
2025-03-31 12:30:00,「『嗯呢』从天降」活动说明,https://zzz.mihoyo.com/news/155324
2025-03-31 12:25:00,「虚界热战风云」活动说明,https://zzz.mihoyo.com/news/155323
2025-03-31 12:20:00,「归零校准」活动说明,https://zzz.mihoyo.com/news/155322
2025-03-31 12:15:00,「璀璨韵律」调频说明,https://zzz.mihoyo.com/news/155321
2025-03-31 12:10:00,「灿烂和声」调频说明,https://zzz.mihoyo.com/news/155320
2025-03-31 12:05:00,「直如朱丝绳」调频说明,https://zzz.mihoyo.com/news/155319
2025-03-31 12:00:00,「冥目幽华」调频说明,https://zzz.mihoyo.com/news/155318
2025-03-29 12:00:00,绳网精选-1.6版本音擎上新 | 第二弹,https://zzz.mihoyo.com/news/155316
2025-03-28 18:00:00,《Behind the Agent》采访手记：「扳机」篇,https://zzz.mihoyo.com/news/155238
2025-03-28 12:00:00,《绝区零》扳机角色展示 | 特别营救,https://zzz.mihoyo.com/news/155257
2025-03-27 18:00:00,代理人机制介绍：「扳机」篇,https://zzz.mihoyo.com/news/155236
2025-03-24 12:15:00,六分街街头异闻丨第19话 隔墙有耳,https://zzz.mihoyo.com/news/155112
2025-03-24 12:00:00,「先遣赏金-定期清剿」活动说明,https://zzz.mihoyo.com/news/155115
2025-03-21 12:00:00,生日快乐「11号」丨七窍焚风,https://zzz.mihoyo.com/news/155083
2025-03-19 12:00:00,「零号空洞：掠影摧锋」活动说明,https://zzz.mihoyo.com/news/155059
2025-03-16 12:00:00,生日快乐凯撒丨玫瑰色的内页,https://zzz.mihoyo.com/news/154749
2025-03-15 12:30:00,《绝区零》1.6版本角色头像,https://zzz.mihoyo.com/news/154699
2025-03-14 12:15:00,「送货不易 大猫叹气」活动说明,https://zzz.mihoyo.com/news/154714
2025-03-14 12:00:00,《绝区零》过场动画 | 狂花末路,https://zzz.mihoyo.com/news/154713
2025-03-12 07:00:00,1.6版本「在被遗忘的废墟之上」更新说明,https://zzz.mihoyo.com/news/154671
2025-03-11 17:30:00,「露电倒影」调频说明,https://zzz.mihoyo.com/news/154670
2025-03-11 17:25:00,「天生丽炽」调频说明,https://zzz.mihoyo.com/news/154669
2025-03-11 17:20:00,「喧哗奏鸣」调频说明,https://zzz.mihoyo.com/news/154668
2025-03-11 17:15:00,「激荡谐振」调频说明,https://zzz.mihoyo.com/news/154666
2025-03-11 17:10:00,「银心锡兵之歌」活动说明,https://zzz.mihoyo.com/news/154665
2025-03-11 17:05:00,「战斗吧！三尺英雄」活动说明,https://zzz.mihoyo.com/news/154663
2025-03-11 17:00:00,「全新放送」活动说明,https://zzz.mihoyo.com/news/154661
2025-03-11 12:00:00,《绝区零》零号·安比角色PV | 死与新生,https://zzz.mihoyo.com/news/154656
2025-03-10 18:00:00,合作者档案更新 | 柏妮思,https://zzz.mihoyo.com/news/154639
2025-03-10 12:30:00,六分街街头异闻丨第18话 尘封旧忆,https://zzz.mihoyo.com/news/154633
2025-03-10 12:15:00,新剧情：代理人秘闻「白银的复苏」,https://zzz.mihoyo.com/news/154630
2025-03-10 12:10:00,新剧情：主线第一季·尾音「将眼泪与过往一同埋葬 上」,https://zzz.mihoyo.com/news/154629
2025-03-10 12:05:00,1.6版本「在被遗忘的废墟之上」预下载开启&更新通知,https://zzz.mihoyo.com/news/154628
2025-03-10 12:00:00,《绝区零》幕间PV丨波可娜的偷闲一刻,https://zzz.mihoyo.com/news/154634
2025-03-09 18:00:00,绳网精选-1.6版本音擎上新 | 第一弹,https://zzz.mihoyo.com/news/154621
2025-03-09 12:00:00,代理人机制介绍：波可娜篇,https://zzz.mihoyo.com/news/154620
2025-03-08 18:00:00,《Behind the Agent》采访手记：安比…？篇,https://zzz.mihoyo.com/news/154619
2025-03-08 12:00:00,代理人档案 | 雨果,https://zzz.mihoyo.com/news/154608
2025-03-07 18:00:00,代理人机制介绍：零号·安比篇,https://zzz.mihoyo.com/news/154618
2025-03-07 12:00:00,《绝区零》零号·安比角色展示 | 第零适格者,https://zzz.mihoyo.com/news/154613
2025-03-06 12:00:00,代理人档案 | 薇薇安,https://zzz.mihoyo.com/news/154603
2025-03-03 12:00:00,「数据悬赏-实战模拟」活动说明,https://zzz.mihoyo.com/news/154547
2025-03-01 12:00:00,《绝区零》2025年3月月历壁纸,https://zzz.mihoyo.com/news/154532
2025-02-28 20:10:00,《绝区零》1.6版本「在被遗忘的废墟之上」前瞻特别节目,https://zzz.mihoyo.com/news/154543
2025-02-28 20:10:00,《绝区零》1.6版本「在被遗忘的废墟之上」前瞻特别节目丨情报总览,https://zzz.mihoyo.com/news/154529
2025-02-28 20:05:00,《绝区零》1.6版本PV | 在被遗忘的废墟之上,https://zzz.mihoyo.com/news/154536
2025-02-27 12:00:00,新品情报 | 阵营系列 维多利亚家政 可琳·威克斯1/7手办,https://zzz.mihoyo.com/news/154518
2025-02-26 12:15:00,新品情报 | 三Z STUDIO系列服饰首发 多款周边上新,https://zzz.mihoyo.com/news/154491
2025-02-26 12:00:00,《绝区零》1.6版本「在被遗忘的废墟之上」前瞻特别节目预告,https://zzz.mihoyo.com/news/154495
2025-02-25 12:00:00,某一日的通勤暇谈,https://zzz.mihoyo.com/news/154462
2025-02-24 12:30:00,六分街街头异闻丨第17话 贼喊捉贼,https://zzz.mihoyo.com/news/154439
2025-02-24 12:00:00,「『141』环保计划」活动说明,https://zzz.mihoyo.com/news/154438
2025-02-21 12:00:00,邦布们的说明书丨咔嚓仔,https://zzz.mihoyo.com/news/154433
2025-02-20 12:00:00,生日快乐安比丨食髓知味,https://zzz.mihoyo.com/news/154415
2025-02-19 12:00:00,「本日推荐影片」活动说明,https://zzz.mihoyo.com/news/154403
2025-02-16 12:00:00,生日快乐简丨在伪装和伪装之间,https://zzz.mihoyo.com/news/154376
2025-02-15 12:00:00,「零号空洞：灾兆肃尽」活动说明,https://zzz.mihoyo.com/news/154375
2025-02-14 12:00:00,怦然心动丨趁烛光惹红果浆,https://zzz.mihoyo.com/news/154354
2025-02-13 12:00:00,过塑手账丨咏蛾,https://zzz.mihoyo.com/news/154341
2025-02-12 12:10:00,「厄匹斯极钓大师赛」活动说明,https://zzz.mihoyo.com/news/154319
2025-02-12 12:00:00,月色灯山丨闪耀的此蛇,https://zzz.mihoyo.com/news/154316
2025-02-11 18:30:00,《绝区零》伊芙琳EP《Stars Align 当群星交汇》现已上架音乐平台,https://zzz.mihoyo.com/news/154314
2025-02-11 18:00:00,《绝区零》伊芙琳EP | Stars Align 当群星交汇,https://zzz.mihoyo.com/news/154312
2025-02-10 18:00:00,合作者档案更新 | 青衣,https://zzz.mihoyo.com/news/154277
2025-02-10 13:00:00,六分街街头异闻丨第16话 不可貌相,https://zzz.mihoyo.com/news/129841
2025-02-10 12:04:00,「光与影的纱网」调频说明,https://zzz.mihoyo.com/news/129833
2025-02-10 12:03:00,「青如玉壶冰」调频说明,https://zzz.mihoyo.com/news/129834
2025-02-10 12:02:00,「喧哗奏鸣」调频说明,https://zzz.mihoyo.com/news/129835
2025-02-10 12:01:00,「灿烂和声」调频说明,https://zzz.mihoyo.com/news/129838
2025-02-10 12:00:00,「『嗯呢』从天降」活动说明,https://zzz.mihoyo.com/news/129840
2025-02-08 12:00:00,绳网精选-1.5版本音擎上新 | 第二弹,https://zzz.mihoyo.com/news/129800
2025-02-07 18:00:00,《Behind the Agent》采访手记：伊芙琳篇,https://zzz.mihoyo.com/news/129783
2025-02-07 12:00:00,《绝区零》伊芙琳角色展示 | 以我之名,https://zzz.mihoyo.com/news/129790
2025-02-06 12:00:00,代理人机制介绍：伊芙琳篇,https://zzz.mihoyo.com/news/129780
2025-02-05 12:00:00,「先遣赏金-定期清剿」活动说明,https://zzz.mihoyo.com/news/129767
2025-02-04 12:00:00,《绝区零》代理人战斗情报：伊芙琳,https://zzz.mihoyo.com/news/129766
2025-02-01 12:00:00,《绝区零》2025年2月月历壁纸,https://zzz.mihoyo.com/news/129762
2025-01-31 12:15:00,「咔嚓咔嚓空洞记者」活动说明,https://zzz.mihoyo.com/news/129761
2025-01-31 12:00:00,生日快乐嘉音丨年年都有今日,https://zzz.mihoyo.com/news/129759
2025-01-30 12:15:00,周边展示丨《绝区零》GSC粘土人手办 铃&哲,https://zzz.mihoyo.com/news/129756
2025-01-30 12:00:00,周边展示丨《绝区零》急速电力系列,https://zzz.mihoyo.com/news/129755
2025-01-28 18:00:00,《绝区零》过场动画 | 拓金启新岁,https://zzz.mihoyo.com/news/129750
2025-01-28 17:00:00,此时此刻,https://zzz.mihoyo.com/news/129754
2025-01-28 12:00:00,大吉大利丨满面巳春风,https://zzz.mihoyo.com/news/129749
2025-01-27 13:00:00,六分街街头异闻丨第15话 过犹不及,https://zzz.mihoyo.com/news/129713
2025-01-27 12:45:00,电玩店手册丨《怪奇旅伴：异梦同游》,https://zzz.mihoyo.com/news/129712
2025-01-27 12:30:00,「嗯呢漫布」新年主题表情包现已上架,https://zzz.mihoyo.com/news/129710
2025-01-27 12:15:00,天琴座丨与你相随,https://zzz.mihoyo.com/news/129709
2025-01-27 12:00:00,「贺岁嘉仪」活动说明,https://zzz.mihoyo.com/news/129708
2025-01-26 12:15:00,电玩店上新丨《25马赫》,https://zzz.mihoyo.com/news/129707
2025-01-26 12:00:00,「决战『金手指』之巅」活动说明,https://zzz.mihoyo.com/news/129706
2025-01-25 12:05:00,《绝区零》1.5版本角色头像,https://zzz.mihoyo.com/news/129690
2025-01-25 12:00:00,《绝区零》过场动画 | 名为「闪亮」的奇迹,https://zzz.mihoyo.com/news/129689
2025-01-25 10:00:00,《云•绝区零》新春商品上新说明,https://zzz.mihoyo.com/news/129686
2025-01-24 18:00:00,如愿璀璨之日,https://zzz.mihoyo.com/news/129677
2025-01-24 12:15:00,代理人档案 | 「扳机」,https://zzz.mihoyo.com/news/129657
2025-01-24 12:00:00,《绝区零》日常影像｜早安！,https://zzz.mihoyo.com/news/129656
2025-01-23 18:15:00,代理人档案 | 波可娜,https://zzz.mihoyo.com/news/129620
2025-01-23 18:00:00,代理人档案 | 银心锡兵·安比,https://zzz.mihoyo.com/news/129618
2025-01-23 12:30:00,生日快乐苍角丨食至八九,https://zzz.mihoyo.com/news/129614
2025-01-23 12:15:00,过塑手账丨午后休止符,https://zzz.mihoyo.com/news/129602
2025-01-23 12:00:00,「美梦如约而至」活动玩法介绍,https://zzz.mihoyo.com/news/129615
2025-01-22 12:30:00,《绝区零》耀嘉音精选集《天琴座+》现已上架音乐平台,https://zzz.mihoyo.com/news/129569
2025-01-22 12:00:00,《绝区零》耀嘉音角色PV | 今夜星光灿烂,https://zzz.mihoyo.com/news/129580
2025-01-22 07:00:00,1.5版本「闪耀的此刻」更新说明,https://zzz.mihoyo.com/news/129568
2025-01-21 18:00:00,合作者档案更新 | 艾莲,https://zzz.mihoyo.com/news/129563
2025-01-21 17:08:00,「千千阙音」调频说明,https://zzz.mihoyo.com/news/129550
2025-01-21 17:07:00,「慵懒逐浪」调频说明,https://zzz.mihoyo.com/news/129549
2025-01-21 17:06:00,「喧哗奏鸣」调频说明,https://zzz.mihoyo.com/news/129548
2025-01-21 17:05:00,「灿烂和声」调频说明,https://zzz.mihoyo.com/news/129547
2025-01-21 17:04:00,「卓越搭档」上新说明,https://zzz.mihoyo.com/news/129546
2025-01-21 17:03:00,「如愿璀璨之日」活动说明,https://zzz.mihoyo.com/news/129545
2025-01-21 17:02:00,「协律共契」活动说明,https://zzz.mihoyo.com/news/129544
2025-01-21 17:01:00,「鲨鲨艾莲之烦恼」活动说明,https://zzz.mihoyo.com/news/129543
2025-01-21 17:00:00,「璀璨序曲」活动说明,https://zzz.mihoyo.com/news/129541
2025-01-21 16:59:00,新剧情：「闪耀的此刻」独家视界开启,https://zzz.mihoyo.com/news/129552
2025-01-21 16:58:00,新剧情：「我是艾莲，在忙，有事留言」代理人秘闻开启,https://zzz.mihoyo.com/news/129551
2025-01-21 12:00:00,《绝区零》耀嘉音角色展示 | 丽都假日,https://zzz.mihoyo.com/news/129555
2025-01-20 18:00:00,New Eridan Vol.01 I 代理人新时装来袭！,https://zzz.mihoyo.com/news/129525
2025-01-20 12:00:00,1.5版本「闪耀的此刻」预下载开启&更新通知,https://zzz.mihoyo.com/news/129508
2025-01-19 18:00:00,《Behind the Agent》采访手记：耀嘉音篇,https://zzz.mihoyo.com/news/129502
2025-01-19 12:30:00,绳网精选-1.5版本音擎上新 | 第一弹,https://zzz.mihoyo.com/news/129501
2025-01-19 12:00:00,《绝区零》耀嘉音MV丨乐园游梦记,https://zzz.mihoyo.com/news/129505
2025-01-18 18:00:00,代理人机制介绍：耀嘉音篇,https://zzz.mihoyo.com/news/129496
2025-01-17 12:05:00,新品情报 | GSC粘土人手办 铃&哲,https://zzz.mihoyo.com/news/128908
2025-01-16 12:00:00,新品情报丨急速电力系列邦布快充头&硅胶套,https://zzz.mihoyo.com/news/127996
2025-01-15 12:00:00,新品情报 | 艾莲手办预售开启 多款周边上新,https://zzz.mihoyo.com/news/127983
2025-01-14 12:00:00,《绝区零》代理人战斗情报：耀嘉音,https://zzz.mihoyo.com/news/127976
2025-01-13 12:30:00,六分街街头异闻丨第14话 劳而无功,https://zzz.mihoyo.com/news/127969
2025-01-13 12:00:00,「先遣赏金-定期清剿」活动说明,https://zzz.mihoyo.com/news/127968
2025-01-11 12:30:00,新品情报 | ART系列 邦布艺术藏品 等待消融Ver.,https://zzz.mihoyo.com/news/127924
2025-01-11 12:15:00,新品情报 | LIMEPIE系列 艾莲·乔 1/8手办 从周一到周五Ver.,https://zzz.mihoyo.com/news/127922
2025-01-11 12:00:00,「帷幕将启之时」活动说明,https://zzz.mihoyo.com/news/127961
2025-01-10 21:30:00,《绝区零》1.5版本「闪耀的此刻」前瞻特别节目,https://zzz.mihoyo.com/news/127954
2025-01-10 20:25:00,1.5版本「闪耀的此刻」前瞻特别节目丨情报总览,https://zzz.mihoyo.com/news/127942
2025-01-10 20:10:00,《绝区零》1.5版本PV | 闪耀的此刻,https://zzz.mihoyo.com/news/127958
2025-01-08 12:15:00,绝区零×盖世小鸡「绝世玩家」联动即将开启,https://zzz.mihoyo.com/news/127892
2025-01-08 12:00:00,《绝区零》1.5版本「闪耀的此刻」前瞻特别节目预告,https://zzz.mihoyo.com/news/127893
2025-01-07 12:30:00,《绝区零》OST《极限委托：PV原声集》现已上架音乐平台,https://zzz.mihoyo.com/news/127863
2025-01-07 12:00:00,「协作设计师」活动说明,https://zzz.mihoyo.com/news/127860
2025-01-04 12:00:00,生日快乐艾莲丨独家美味,https://zzz.mihoyo.com/news/127845
2025-01-01 13:00:00,《绝区零》2025年1月月历壁纸,https://zzz.mihoyo.com/news/127805
2025-01-01 12:30:00,「作战影像回顾」活动说明,https://zzz.mihoyo.com/news/127802
2025-01-01 12:15:00,生日快乐青衣丨柳暗花明,https://zzz.mihoyo.com/news/127801
2025-01-01 12:00:00,从新开始丨来者犹可追,https://zzz.mihoyo.com/news/127799
2024-12-30 12:30:00,六分街街头异闻丨第13话 料事如神,https://zzz.mihoyo.com/news/127693
2024-12-30 12:00:00,「『嗯呢』从天降」活动说明,https://zzz.mihoyo.com/news/127692
2024-12-28 12:00:00,「轻羽逐风」 活动说明,https://zzz.mihoyo.com/news/127687
2024-12-27 18:00:00,直到苍白荒秽之地,https://zzz.mihoyo.com/news/127661
2024-12-27 12:15:00,生日快乐莱特丨月下独酌,https://zzz.mihoyo.com/news/127654
2024-12-27 12:00:00,极限委托 | 三Z音乐制作幕后 第一期,https://zzz.mihoyo.com/news/127650
2024-12-26 12:15:00,过塑手账丨真能吃苦,https://zzz.mihoyo.com/news/127632
2024-12-26 12:00:00,《绝区零》过场动画 | 新艾利都永不落幕,https://zzz.mihoyo.com/news/127628
2024-12-25 13:00:00,冬日雪夜|大餐已备好！,https://zzz.mihoyo.com/news/127615
2024-12-25 12:15:00,过塑手账丨想很多的一刀,https://zzz.mihoyo.com/news/127612
2024-12-25 12:00:00,「直到苍白荒秽之地」活动说明,https://zzz.mihoyo.com/news/127611
2024-12-24 18:00:00,《绝区零》TGA 2024 特别参展视频,https://zzz.mihoyo.com/news/127391
2024-12-24 13:00:00,【六分街街头异闻】,https://zzz.mihoyo.com/news/127586
2024-12-24 12:15:00,《绝区零》官方微博100万粉丝数达成！,https://zzz.mihoyo.com/news/127585
2024-12-24 12:00:00,《绝区零》日常影像｜不可踏入…,https://zzz.mihoyo.com/news/127584
2024-12-23 12:30:00,《绝区零》游戏音乐原声专辑《极限委托》现已上架音乐平台,https://zzz.mihoyo.com/news/127561
2024-12-23 12:15:00,生日快乐本丨定个小目标,https://zzz.mihoyo.com/news/127560
2024-12-23 12:00:00,「数据悬赏-实战模拟」活动说明,https://zzz.mihoyo.com/news/127559
2024-12-22 12:00:00,太好了！是雅小姐！,https://zzz.mihoyo.com/news/127557
2024-12-21 13:00:00,《绝区零》1.4版本角色头像,https://zzz.mihoyo.com/news/127555
2024-12-21 12:15:00,冬日送暖丨热饺，到！,https://zzz.mihoyo.com/news/127551
2024-12-21 12:10:00,「星芒闪耀之处」活动说明,https://zzz.mihoyo.com/news/127553
2024-12-21 12:00:00,《绝区零》过场动画 | 千里，无双,https://zzz.mihoyo.com/news/127554
2024-12-20 19:00:00,丽都放大镜 | 浅羽悠真篇,https://zzz.mihoyo.com/news/127504
2024-12-20 17:00:00,强敌目击记录Vol.2,https://zzz.mihoyo.com/news/127503
2024-12-20 12:30:00,《绝区零》浅羽悠真EP《绘本》现已上架音乐平台,https://zzz.mihoyo.com/news/127502
2024-12-20 12:00:00,《绝区零》浅羽悠真EP丨绘本,https://zzz.mihoyo.com/news/127506
2024-12-19 22:40:00,《云·绝区零》iOS端现已正式上线,https://zzz.mihoyo.com/news/127505
2024-12-19 15:00:00,「小邦布大战坏以骸」活动说明,https://zzz.mihoyo.com/news/127473
2024-12-19 12:30:00,《绝区零》星见雅EP《晓》现已上架音乐平台,https://zzz.mihoyo.com/news/127472
2024-12-19 12:00:00,《绝区零》星见雅EP丨晓,https://zzz.mihoyo.com/news/127477
2024-12-19 11:00:00,《绝区零》Apple Vision Pro兼容版本现已上线！,https://zzz.mihoyo.com/news/127471
2024-12-18 23:00:00,【丽都殊荣 | 致绳匠的答谢函】,https://zzz.mihoyo.com/news/127474
2024-12-18 18:30:00,《Behind the Agent》采访手记：星见雅篇,https://zzz.mihoyo.com/news/127463
2024-12-18 18:00:00,《绝区零》星见雅角色展示 | 无尽修行,https://zzz.mihoyo.com/news/127465
2024-12-18 13:00:00,丽都放大镜 | 星见雅篇,https://zzz.mihoyo.com/news/127440
2024-12-18 11:30:00,「集结委托：回归丽都」1.4版本回归网页活动上线,https://zzz.mihoyo.com/news/127438
2024-12-18 10:00:00,《云·绝区零》IOS端与安卓端已正式上线！,https://zzz.mihoyo.com/news/127443
2024-12-18 07:00:00,《绝区零》1.4版本「星流霆击」更新说明,https://zzz.mihoyo.com/news/127448
2024-12-17 19:00:00,绳网精选-1.4版本音擎上新 | 第二弹,https://zzz.mihoyo.com/news/127442
2024-12-17 18:00:00,丽都羊毛精选丨冬天到了，用福利来暖暖身子吧,https://zzz.mihoyo.com/news/127437
2024-12-17 17:05:00,「砺世澄沧」调频说明,https://zzz.mihoyo.com/news/127401
2024-12-17 17:04:00,「喧哗奏鸣」调频说明,https://zzz.mihoyo.com/news/127400
2024-12-17 17:03:00,「循此苦旅」调频说明,https://zzz.mihoyo.com/news/127399
2024-12-17 17:02:00,「灿烂和声」调频说明,https://zzz.mihoyo.com/news/127398
2024-12-17 17:01:00,「BFF友谊麦岁！」活动公告,https://zzz.mihoyo.com/news/127426
2024-12-17 17:01:00,「卓越搭档」上新说明,https://zzz.mihoyo.com/news/127425
2024-12-17 17:00:00,新剧情:「星流霆击」主线第五章开启,https://zzz.mihoyo.com/news/127427
2024-12-17 17:00:00,「特别访客」活动说明,https://zzz.mihoyo.com/news/127424
2024-12-17 17:00:00,「全新放送」活动说明,https://zzz.mihoyo.com/news/127423
2024-12-17 14:00:00,代理人机制介绍：星见雅篇,https://zzz.mihoyo.com/news/127428
2024-12-17 13:00:00,丽都修葺漫谈Vol.3：系统篇,https://zzz.mihoyo.com/news/127402
2024-12-17 12:15:00,《绝区零》1.4版本「星流霆击」 特刊丨星见雅项目组制作幕后,https://zzz.mihoyo.com/news/127436
2024-12-17 12:00:00,《绝区零》星见雅角色PV | 虚狩诞生之日,https://zzz.mihoyo.com/news/127432
2024-12-16 18:00:00,《Behind the Agent》采访手记：浅羽悠真篇,https://zzz.mihoyo.com/news/127397
2024-12-16 12:30:00,邦布们的说明书丨格列佛探员,https://zzz.mihoyo.com/news/127415
2024-12-16 12:15:00,绳网精选-1.4版本音擎上新 | 第一弹,https://zzz.mihoyo.com/news/127395
2024-12-16 12:00:00,1.4版本「星流霆击」预下载开启&更新通知,https://zzz.mihoyo.com/news/127394
2024-12-16 12:00:00,代理人档案 | 伊芙琳,https://zzz.mihoyo.com/news/127392
2024-12-15 18:30:00,丽都放大镜 | 特别篇 来自星见雅后援会的特殊委托！,https://zzz.mihoyo.com/news/127376
2024-12-15 18:00:00,代理人机制介绍：浅羽悠真篇,https://zzz.mihoyo.com/news/127377
2024-12-15 12:00:00,《绝区零》星见雅动画短片 | 成为英雄的旅程,https://zzz.mihoyo.com/news/127390
2024-12-15 12:00:00,代理人档案 | 耀嘉音,https://zzz.mihoyo.com/news/127368
2024-12-14 10:00:00,【丽都殊荣 | 致绳匠的答谢函】,https://zzz.mihoyo.com/news/127379
2024-12-11 12:15:00,丽都修葺漫谈Vol.3：玩法篇,https://zzz.mihoyo.com/news/127329
2024-12-11 12:00:00,新品情报丨猫又手办预售开启 邦布按摩捶上新,https://zzz.mihoyo.com/news/127332
2024-12-11 12:00:00,对空六课丨独家探访,https://zzz.mihoyo.com/news/127330
2024-12-11 12:00:00,《云•绝区零》即将正式上线！,https://zzz.mihoyo.com/news/127328
2024-12-10 12:00:00,《绝区零》浅羽悠真角色展示 | 乌鸦停落之日,https://zzz.mihoyo.com/news/127317
2024-12-09 12:00:00,「先遣赏金-定期清剿」活动说明,https://zzz.mihoyo.com/news/127306
2024-12-07 12:00:00,新品情报 | 阵营系列 狡兔屋 猫宫 又奈1/7手办,https://zzz.mihoyo.com/news/127302
2024-12-07 10:00:00,丽都修葺漫谈Vol.3：主线篇,https://zzz.mihoyo.com/news/127301
2024-12-06 20:35:00,《绝区零》1.4版本「星流霆击」前瞻特别节目,https://zzz.mihoyo.com/news/127295
2024-12-06 20:30:00,云·绝区零！下载&读条全再见,https://zzz.mihoyo.com/news/127285
2024-12-06 20:25:00,《绝区零》1.4版本前瞻特别节目 | 情报总览,https://zzz.mihoyo.com/news/127298
2024-12-06 20:25:00,《绝区零》1.4版本PV | 星流霆击,https://zzz.mihoyo.com/news/127293
2024-12-06 20:25:00,1.4版本「星流霆击」预约活动现已上线！,https://zzz.mihoyo.com/news/127282
2024-12-06 19:55:00,《绝区零》代理人战斗情报：浅羽悠真,https://zzz.mihoyo.com/news/127288
2024-12-06 19:50:00,《绝区零》代理人战斗情报：星见雅,https://zzz.mihoyo.com/news/127283
2024-12-05 18:00:00,【Fairy的生物观察记录】对空六课的一天,https://zzz.mihoyo.com/news/127266
2024-12-04 12:05:00,绝区零麦当劳联动表情包现已上架,https://zzz.mihoyo.com/news/127243
2024-12-04 12:00:00,《绝区零》对空六课未知影像｜未知区域，信号已断开…,https://zzz.mihoyo.com/news/127254
2024-12-03 20:00:00,【丽都殊荣 | 致绳匠的答谢函】,https://zzz.mihoyo.com/news/127246
2024-12-03 12:00:00,《绝区零》1.4版本「星流霆击」前瞻特别节目预告,https://zzz.mihoyo.com/news/127226
2024-12-02 12:00:00,麦当劳｜绝区零联动PV：收到一份来自麦区的委托...?,https://zzz.mihoyo.com/news/127213
2024-12-02 12:00:00,「当三明治来敲门」活动说明,https://zzz.mihoyo.com/news/127212
2024-12-01 12:00:00,《绝区零》2024年12月月历壁纸,https://zzz.mihoyo.com/news/127208
2024-11-30 12:00:00,「帮帮凯伊」活动说明,https://zzz.mihoyo.com/news/127207
2024-11-30 12:00:00,过塑手账丨冠军的滤镜,https://zzz.mihoyo.com/news/127206
2024-11-29 12:15:00,您有一条来自凯撒的求助信息！,https://zzz.mihoyo.com/news/127195
2024-11-27 12:30:00,丽都放大镜 | 莱特篇,https://zzz.mihoyo.com/news/127146
2024-11-27 12:30:00,《绝区零》莱特EP《Fearless 无所畏惧》现已上架音乐平台,https://zzz.mihoyo.com/news/127144
2024-11-27 12:05:00,「虚拟杀机」—— 1.3版本活动速递·下,https://zzz.mihoyo.com/news/127142
2024-11-27 12:00:00,《绝区零》莱特EP丨FearLess,https://zzz.mihoyo.com/news/127150
2024-11-27 12:00:00,「莱特」专题放映活动现已开启！,https://zzz.mihoyo.com/news/127138
2024-11-26 12:00:00,六分街街头异闻 | 第11话 花言巧语,https://zzz.mihoyo.com/news/127127
2024-11-25 18:00:00,月下漫记：上班不宜的那一页,https://zzz.mihoyo.com/news/127112
2024-11-25 12:15:00,生日快乐比利丨奇迹星徽,https://zzz.mihoyo.com/news/127104
2024-11-25 12:00:00,「余烬之冕」调频说明,https://zzz.mihoyo.com/news/127103
2024-11-25 12:00:00,「喧哗奏鸣」调频说明,https://zzz.mihoyo.com/news/127102
2024-11-25 12:00:00,「常胜冠军」活动说明,https://zzz.mihoyo.com/news/127101
2024-11-25 12:00:00,「『嗯呢』从天降」活动说明,https://zzz.mihoyo.com/news/127100
2024-11-25 12:00:00,新剧情：「无人喝彩之冠」代理人秘闻开启,https://zzz.mihoyo.com/news/127099
2024-11-23 12:00:00,绳网精选-1.3版本音擎上新 | 第二弹,https://zzz.mihoyo.com/news/127098
2024-11-22 18:00:00,《Behind the Agent》采访手记：莱特篇,https://zzz.mihoyo.com/news/127083
2024-11-22 12:00:00,《绝区零》莱特角色展示 | TKO,https://zzz.mihoyo.com/news/127082
2024-11-21 12:00:00,代理人机制介绍：莱特篇,https://zzz.mihoyo.com/news/127069
2024-11-20 12:00:00,「数据悬赏-实战模拟」活动说明,https://zzz.mihoyo.com/news/127031
2024-11-19 12:00:00,《绝区零》代理人战斗情报：莱特,https://zzz.mihoyo.com/news/127001
2024-11-14 12:00:00,「『嗯呢』助教计划」活动说明,https://zzz.mihoyo.com/news/126933
2024-11-13 12:00:00,《绝区零》1.3版本角色头像,https://zzz.mihoyo.com/news/126914
2024-11-12 12:30:00,六分街街头异闻 | 第10话 刻不容松,https://zzz.mihoyo.com/news/126901
2024-11-12 12:15:00,新艾利都探店丨两片面包可以夹住一切！,https://zzz.mihoyo.com/news/126905
2024-11-12 12:00:00,《绝区零》过场动画 | 照拂明星之月,https://zzz.mihoyo.com/news/126906
2024-11-11 12:00:00,生日快乐妮可丨势若脱兔,https://zzz.mihoyo.com/news/126881
2024-11-09 12:00:00,过塑手账丨好吃到跺韵脚,https://zzz.mihoyo.com/news/126861
2024-11-09 12:00:00,「电子战场乱斗」活动说明,https://zzz.mihoyo.com/news/126860
2024-11-08 12:30:00,过塑手账丨时·自律者,https://zzz.mihoyo.com/news/126844
2024-11-08 12:00:00,代理人档案 | 星见雅,https://zzz.mihoyo.com/news/126843
2024-11-07 12:30:00,《绝区零》月城柳EP《小停再出发》现已上架音乐平台,https://zzz.mihoyo.com/news/126815
2024-11-07 12:15:00,「虚拟杀机」——1.3版本活动速递·上,https://zzz.mihoyo.com/news/126817
2024-11-07 12:00:00,《绝区零》月城柳EP丨小停再出发,https://zzz.mihoyo.com/news/126814
2024-11-06 12:30:00,丽都放大镜 | 月城柳篇,https://zzz.mihoyo.com/news/126741
2024-11-06 12:00:00,「集结委托：回归丽都」1.3版本回归网页活动上线,https://zzz.mihoyo.com/news/126740
2024-11-06 07:00:00,1.3版本「虚拟杀机」更新说明,https://zzz.mihoyo.com/news/126737
2024-11-05 12:00:00,《绝区零》月城柳角色PV | 鬼佑之人,https://zzz.mihoyo.com/news/126724
2024-11-05 12:00:00,「休心沐月」调频说明,https://zzz.mihoyo.com/news/126721
2024-11-05 12:00:00,「喧哗奏鸣」调频说明,https://zzz.mihoyo.com/news/126720
2024-11-05 12:00:00,「月痕流光」活动说明,https://zzz.mihoyo.com/news/126719
2024-11-05 12:00:00,「断层之谜」活动说明,https://zzz.mihoyo.com/news/126718
2024-11-05 12:00:00,「全新放送」活动说明,https://zzz.mihoyo.com/news/126717
2024-11-04 12:15:00,新艾利都探店丨让有趣发生,https://zzz.mihoyo.com/news/126707
2024-11-04 12:00:00,新剧情：「虚拟杀机」独家视界开启,https://zzz.mihoyo.com/news/126706
2024-11-04 12:00:00,1.3版本「虚拟杀机」预下载开启&更新通知,https://zzz.mihoyo.com/news/126705
2024-11-02 12:00:00,绳网精选-1.3版本音擎上新 | 第一弹,https://zzz.mihoyo.com/news/126703
2024-11-01 18:00:00,《Behind the Agent》采访手记：月城柳篇,https://zzz.mihoyo.com/news/126687
2024-11-01 13:00:00,《绝区零》2024年11月月历壁纸,https://zzz.mihoyo.com/news/126688
2024-11-01 12:00:00,《绝区零》月城柳角色展示 | 待办事项 99+,https://zzz.mihoyo.com/news/126694
2024-11-01 12:00:00,代理人档案 | 浅羽悠真,https://zzz.mihoyo.com/news/126686
2024-10-31 12:00:00,代理人机制介绍：月城柳篇,https://zzz.mihoyo.com/news/126676
2024-10-30 12:30:00,六分街街头异闻 | 第9话 意外收获,https://zzz.mihoyo.com/news/126665
2024-10-29 12:15:00,新品情报丨比利手办预售开启 邦布毛绒上新,https://zzz.mihoyo.com/news/126651
2024-10-29 12:00:00,《绝区零》代理人战斗情报：月城柳,https://zzz.mihoyo.com/news/126649
2024-10-26 12:00:00,新品情报 | 阵营系列 狡兔屋 比利·奇德1/7手办,https://zzz.mihoyo.com/news/126639
2024-10-26 12:00:00,六分街街头异闻 | 第8话 多此一举,https://zzz.mihoyo.com/news/126637
2024-10-25 20:15:00,《绝区零》1.3版本「虚拟杀机」前瞻特别节目,https://zzz.mihoyo.com/news/126632
2024-10-25 20:10:00,《绝区零》1.3版本前瞻特别节目 | 情报总览,https://zzz.mihoyo.com/news/126614
2024-10-25 20:05:00,绳匠！出金——金拱门了！！！,https://zzz.mihoyo.com/news/126617
2024-10-25 19:55:00,《绝区零》1.3版本PV | 虚拟杀机,https://zzz.mihoyo.com/news/126633
2024-10-25 12:00:00,「『141』友情联络」活动说明,https://zzz.mihoyo.com/news/126598
2024-10-24 12:00:00,「嗯呢漫布」系列表情包第1弹现已上架,https://zzz.mihoyo.com/news/126584
2024-10-23 12:00:00,《绝区零》1.3版本「虚拟杀机」前瞻特别节目预告,https://zzz.mihoyo.com/news/126569
2024-10-23 12:00:00,「内有恶犬」活动说明,https://zzz.mihoyo.com/news/126567
2024-10-21 12:30:00,极限委托 |《绝区零》2024完整电音纯享 现已上架,https://zzz.mihoyo.com/news/126545
2024-10-21 12:00:00,生日快乐派派丨寿比南山？,https://zzz.mihoyo.com/news/126541
2024-10-19 12:00:00,「先遣赏金-定期清剿」活动说明,https://zzz.mihoyo.com/news/126528
2024-10-19 12:00:00,与燃油饮的奇妙冒险,https://zzz.mihoyo.com/news/126525
2024-10-18 12:00:00,过塑手账丨釜底抽薪,https://zzz.mihoyo.com/news/126502
2024-10-17 12:30:00,《绝区零》柏妮思EP《Burning Desires 绝望吧台》现已上架音乐平台,https://zzz.mihoyo.com/news/126469
2024-10-17 12:00:00,《绝区零》柏妮思EP丨Burning Desires 绝望吧台,https://zzz.mihoyo.com/news/126466
2024-10-16 12:30:00,丽都放大镜 | 柏妮思篇,https://zzz.mihoyo.com/news/126415
2024-10-16 12:00:00,《绝区零》幕间PV | 燃擎惜别,https://zzz.mihoyo.com/news/126429
2024-10-15 12:15:00,「柏妮思的燃油坊」有奖网页活动现已开启！,https://zzz.mihoyo.com/news/126408
2024-10-15 12:00:00,《绝区零》柏妮思角色展示 | 伤心的人来杯特调,https://zzz.mihoyo.com/news/126406
2024-10-15 12:00:00,新剧情：「幸运当头」代理人秘闻开启,https://zzz.mihoyo.com/news/126390
2024-10-14 12:00:00,「天生丽炽」调频说明,https://zzz.mihoyo.com/news/126397
2024-10-14 12:00:00,「喧哗奏鸣」调频说明,https://zzz.mihoyo.com/news/126396
2024-10-14 12:00:00,「漫行于以太虚境」活动说明,https://zzz.mihoyo.com/news/126395
2024-10-14 12:00:00,「『嗯呢』从天降」活动说明,https://zzz.mihoyo.com/news/126394
2024-10-13 12:00:00,绳网精选-1.2版本音擎上新 | 第二弹,https://zzz.mihoyo.com/news/126389
2024-10-12 12:00:00,《Behind the Agent》采访手记：柏妮思篇,https://zzz.mihoyo.com/news/126379
2024-10-11 12:00:00,代理人机制介绍：柏妮思篇,https://zzz.mihoyo.com/news/126359
2024-10-09 12:00:00,丽都放大镜 | 露西篇,https://zzz.mihoyo.com/news/126311
2024-10-08 12:00:00,《绝区零》代理人战斗情报：柏妮思,https://zzz.mihoyo.com/news/126288
2024-10-05 12:01:00,过塑手账丨慵懒不是摆烂,https://zzz.mihoyo.com/news/126260
2024-10-05 12:00:00,「赠尔·丽都」活动说明,https://zzz.mihoyo.com/news/126254
2024-10-04 12:30:00,生日快乐莱卡恩丨《莱卡恩先生半身像》,https://zzz.mihoyo.com/news/126253
2024-10-04 12:15:00,过塑手账丨草木砖皆兵,https://zzz.mihoyo.com/news/126252
2024-10-04 12:00:00,《绝区零》过场动画 | 浴火重生的英雄,https://zzz.mihoyo.com/news/126251
2024-10-03 12:30:00,丽都放大镜 | 派派篇,https://zzz.mihoyo.com/news/126224
2024-10-02 13:00:00,《绝区零》2024年10月月历壁纸,https://zzz.mihoyo.com/news/126222
2024-09-30 12:00:00,六分街街头异闻 | 第7话 做贼心虚,https://zzz.mihoyo.com/news/126210
2024-09-29 12:30:00,《绝区零》「丽都漫步」系列表情包第四弹,https://zzz.mihoyo.com/news/126198
2024-09-28 12:01:00,邦布们的说明书丨赤红莫库斯,https://zzz.mihoyo.com/news/126164
2024-09-28 12:00:00,「切勿独行」活动说明,https://zzz.mihoyo.com/news/126161
2024-09-28 12:00:00,「数据悬赏-实战模拟」活动说明,https://zzz.mihoyo.com/news/126158
2024-09-27 12:30:00,过塑手账丨干杯！哪怕是超大悲！,https://zzz.mihoyo.com/news/126137
2024-09-27 12:15:00,「在梦境中漫游」,https://zzz.mihoyo.com/news/126136
2024-09-27 12:00:00,《绝区零》过场动画 | 最高规格的礼仪,https://zzz.mihoyo.com/news/126139
2024-09-26 18:00:00,霸主侵蚀体·庞培——强敌目击记录,https://zzz.mihoyo.com/news/126117
2024-09-26 12:30:00,《绝区零》凯撒EP《pinKing》现已上架音乐平台,https://zzz.mihoyo.com/news/126114
2024-09-26 12:00:00,《绝区零》凯撒EP | pinKing,https://zzz.mihoyo.com/news/126113
2024-09-26 11:00:00,「霸主」的欢宴,https://zzz.mihoyo.com/news/126120
2024-09-25 12:30:00,丽都放大镜 | 凯撒篇,https://zzz.mihoyo.com/news/126093
2024-09-25 12:15:00,「集结委托：回归丽都」回归网页活动,https://zzz.mihoyo.com/news/126099
2024-09-25 11:00:00,新剧情：「火狱骑行」主线第四章开启,https://zzz.mihoyo.com/news/126100
2024-09-25 07:00:00,1.2版本「火狱骑行」更新说明,https://zzz.mihoyo.com/news/126101
2024-09-24 13:00:00,丽都修葺漫谈 VOL.2,https://zzz.mihoyo.com/news/126085
2024-09-24 13:00:00,《绝区零》策划面对面,https://zzz.mihoyo.com/news/126082
2024-09-24 12:05:00,代理人档案 | 莱特,https://zzz.mihoyo.com/news/126050
2024-09-24 12:00:00,《绝区零》凯撒角色PV | 沙色旋律,https://zzz.mihoyo.com/news/126079
2024-09-24 12:00:00,「荣焰桂冠」调频说明,https://zzz.mihoyo.com/news/126077
2024-09-24 12:00:00,「喧哗奏鸣」调频说明,https://zzz.mihoyo.com/news/126076
2024-09-24 12:00:00,「卓越搭档」上新说明,https://zzz.mihoyo.com/news/126075
2024-09-24 12:00:00,「『霸主』的欢宴」活动说明,https://zzz.mihoyo.com/news/126074
2024-09-24 12:00:00,「营业再开」活动说明,https://zzz.mihoyo.com/news/126073
2024-09-24 12:00:00,「全新放送」活动说明,https://zzz.mihoyo.com/news/126072
2024-09-23 12:30:00,生日快乐丽娜丨优雅进行曲,https://zzz.mihoyo.com/news/126052
2024-09-23 12:15:00,电玩店上新丨《怪奇旅伴》,https://zzz.mihoyo.com/news/126051
2024-09-23 12:00:00,代理人档案 | 月城柳,https://zzz.mihoyo.com/news/126049
2024-09-23 12:00:00,1.2版本「火狱骑行」预下载开启&更新通知,https://zzz.mihoyo.com/news/126048
2024-09-22 12:01:00,THE NEW'S Vol.010 外环冒险手册,https://zzz.mihoyo.com/news/126032
2024-09-22 12:00:00,天凉好个秋丨请安全用火,https://zzz.mihoyo.com/news/126031
2024-09-21 12:00:00,绳网精选-1.2版本音擎上新 | 第一弹,https://zzz.mihoyo.com/news/126014
2024-09-20 12:05:00,《Behind the Agent》采访手记：凯撒篇,https://zzz.mihoyo.com/news/126011
2024-09-20 12:00:00,《绝区零》凯撒角色展示 | 卡吕冬的骑行,https://zzz.mihoyo.com/news/126013
2024-09-19 17:00:00,六分街街头异闻 | 第6话 马失前蹄,https://zzz.mihoyo.com/news/126009
2024-09-19 12:00:00,代理人机制介绍：凯撒篇,https://zzz.mihoyo.com/news/126000
2024-09-17 12:00:00,天涯共此时丨油塘月色,https://zzz.mihoyo.com/news/125983
2024-09-17 12:00:00,《绝区零》代理人战斗情报：凯撒,https://zzz.mihoyo.com/news/125981
2024-09-16 12:00:00,「咖啡魔药学-调律」活动说明,https://zzz.mihoyo.com/news/125960
2024-09-14 18:00:00,新品情报 | 阵营系列 狡兔屋 妮可·德玛拉1/7手办,https://zzz.mihoyo.com/news/125962
2024-09-14 12:00:00,卡吕冬之子丨外环拉力赛，开始！,https://zzz.mihoyo.com/news/125947
2024-09-13 20:15:00,《绝区零》1.2版本「火狱骑行」前瞻特别节目,https://zzz.mihoyo.com/news/125897
2024-09-13 20:15:00,极限委托 | 2024绝区零DJ英国Creamfields表演精彩回顾,https://zzz.mihoyo.com/news/125872
2024-09-13 20:00:00,《绝区零》1.2版本前瞻特别节目 | 情报总览,https://zzz.mihoyo.com/news/125863
2024-09-13 19:55:00,《绝区零》1.2版本PV | 火狱骑行,https://zzz.mihoyo.com/news/125890
2024-09-13 12:00:00,极限委托 | 2024绝区零DJ英国Creamfields表演精彩回顾,https://zzz.mihoyo.com/news/125866
2024-09-11 12:00:00,「第一幕，第一镜！」活动说明,https://zzz.mihoyo.com/news/125813
2024-09-10 12:00:00,《绝区零》外环宣传动画｜偶尔也要出去逛逛,https://zzz.mihoyo.com/news/125804
2024-09-10 12:00:00,《绝区零》1.2版本「火狱骑行」前瞻特别节目预告,https://zzz.mihoyo.com/news/125788
2024-09-09 12:00:00,《绝区零》简角色动画短片 | 惊魂午夜,https://zzz.mihoyo.com/news/125767
2024-09-09 12:00:00,丽都放大镜 | 赛斯篇,https://zzz.mihoyo.com/news/125765
2024-09-08 12:00:00,过塑手账丨成长的烦恼,https://zzz.mihoyo.com/news/125759
2024-09-06 13:00:00,六分街街头异闻 | 第5话,https://zzz.mihoyo.com/news/125732
2024-09-06 12:00:00,过塑手账丨演鼠的故事,https://zzz.mihoyo.com/news/125730
2024-09-04 12:30:00,丽都放大镜 | 简篇,https://zzz.mihoyo.com/news/125682
2024-09-04 12:01:00,「天衣无缝的伪装」,https://zzz.mihoyo.com/news/125684
2024-09-04 12:00:00,「实境战术演练」活动说明,https://zzz.mihoyo.com/news/125678
2024-09-03 12:00:00,《绝区零》简角色展示｜致命审讯,https://zzz.mihoyo.com/news/125668
2024-09-02 12:15:00,绳网精选-1.1版本音擎上新 | 第二弹,https://zzz.mihoyo.com/news/125656
2024-09-02 12:10:00,代理人机制介绍：赛斯篇,https://zzz.mihoyo.com/news/125655
2024-09-02 12:03:00,「『查无此人』」调频说明,https://zzz.mihoyo.com/news/125654
2024-09-02 12:02:00,「喧哗奏鸣」调频说明,https://zzz.mihoyo.com/news/125653
2024-09-02 12:01:00,「『嗯呢』从天降」活动说明,https://zzz.mihoyo.com/news/125652
2024-09-02 12:00:00,「咖啡魔药学-实战模拟室」活动说明,https://zzz.mihoyo.com/news/125651
2024-09-01 13:00:00,《绝区零》2024年9月月历壁纸,https://zzz.mihoyo.com/news/125525
2024-09-01 12:00:00,《Behind the Agent》采访手记：简篇,https://zzz.mihoyo.com/news/125650
2024-09-01 12:00:00,生日快乐朱鸢丨好的计划允许惊喜发生,https://zzz.mihoyo.com/news/125638
2024-08-31 12:00:00,代理人机制介绍：简篇,https://zzz.mihoyo.com/news/125647
2024-08-30 12:00:00,《绝区零》简角色PV丨逮捕,https://zzz.mihoyo.com/news/125596
2024-08-28 12:00:00,「治安官的一天」活动说明,https://zzz.mihoyo.com/news/125522
2024-08-27 12:00:00,《绝区零》代理人战斗情报：简,https://zzz.mihoyo.com/news/125541
2024-08-26 12:00:00,《茶饮美味的秘诀》,https://zzz.mihoyo.com/news/125459
2024-08-23 12:00:00,邦布们的说明书丨阿崔巡查,https://zzz.mihoyo.com/news/125448
2024-08-21 12:00:00,《绝区零》「丽都漫步」系列表情包第三弹,https://zzz.mihoyo.com/news/125409
2024-08-21 01:00:00,《绝区零》gamescom 2024特别参展视频,https://zzz.mihoyo.com/news/125410
2024-08-20 12:00:00,六分街街头异闻 | 第4话 借花献佛,https://zzz.mihoyo.com/news/125374
2024-08-19 12:00:00,「沙罗黄金周」活动说明,https://zzz.mihoyo.com/news/125359
2024-08-19 12:00:00,过塑手账丨鸾铃响处,https://zzz.mihoyo.com/news/125275
2024-08-14 14:00:00,「金牌售后」活动说明,https://zzz.mihoyo.com/news/125228
2024-08-14 12:15:00,丽都放大镜 | 青衣篇,https://zzz.mihoyo.com/news/125230
2024-08-14 12:00:00,《Behind the Agent》采访手记：青衣篇,https://zzz.mihoyo.com/news/125254
2024-08-14 11:00:00,新剧情：「卧底蓝调」独家视界开启,https://zzz.mihoyo.com/news/125253
2024-08-14 11:00:00,新剧情：「失踪邦口」代理人秘闻开启,https://zzz.mihoyo.com/news/125252
2024-08-14 07:00:00,《绝区零》1.1版本「卧底蓝调」更新说明,https://zzz.mihoyo.com/news/125251
2024-08-13 18:00:00,Fairy Radio：刀耕火焚篇,https://zzz.mihoyo.com/news/125232
2024-08-13 13:00:00,《绝区零》青衣EP《红透晚烟青》现已上架音乐平台,https://zzz.mihoyo.com/news/125243
2024-08-13 12:00:00,《绝区零》青衣MV丨红透晚烟青,https://zzz.mihoyo.com/news/125234
2024-08-13 12:00:00,「青如玉壶冰」调频说明,https://zzz.mihoyo.com/news/125227
2024-08-13 12:00:00,「喧哗奏鸣」调频说明,https://zzz.mihoyo.com/news/125226
2024-08-13 12:00:00,「卓越搭档」上新说明,https://zzz.mihoyo.com/news/125225
2024-08-13 12:00:00,「全新放送」活动说明,https://zzz.mihoyo.com/news/125224
2024-08-12 12:00:00,1.1版本「卧底蓝调」预下载开启&更新通知,https://zzz.mihoyo.com/news/125212
2024-08-12 12:00:00,代理人档案 | 柏妮思·怀特,https://zzz.mihoyo.com/news/125211
2024-08-11 12:00:00,代理人档案 | 凯撒·金,https://zzz.mihoyo.com/news/125199
2024-08-10 12:00:00,《绝区零》青衣角色展示 | 青童与白叟,https://zzz.mihoyo.com/news/125206
2024-08-09 12:00:00,绳网精选-1.1版本音擎上新 | 第一弹,https://zzz.mihoyo.com/news/125187
2024-08-08 12:00:00,代理人机制介绍：青衣篇,https://zzz.mihoyo.com/news/125176
2024-08-07 12:00:00,丽都放大镜 | 妮可篇,https://zzz.mihoyo.com/news/125166
2024-08-06 12:00:00,《绝区零》代理人战斗情报：青衣,https://zzz.mihoyo.com/news/125146
2024-08-05 12:01:00,六分街街头异闻 | 第3话 因祸得福,https://zzz.mihoyo.com/news/125123
2024-08-05 12:00:00,「咖啡魔药学-调律」活动说明,https://zzz.mihoyo.com/news/125122
2024-08-03 20:00:00,《绝区零》1.1版本「卧底蓝调」前瞻特别节目回顾长图,https://zzz.mihoyo.com/news/125121
2024-08-03 19:55:00,《绝区零》1.1版本前瞻特别节目 |「卧底蓝调」,https://zzz.mihoyo.com/news/125124
2024-08-03 19:45:00,《绝区零》1.1版本PV | 卧底蓝调,https://zzz.mihoyo.com/news/125119
2024-08-02 12:10:00,丽都手札丨青衣篇,https://zzz.mihoyo.com/news/125100
2024-08-02 12:05:00,「在自动锁屏之前」,https://zzz.mihoyo.com/news/125099
2024-08-02 12:00:00,《绝区零》2024年8月月历壁纸,https://zzz.mihoyo.com/news/125077
2024-07-31 12:02:00,过塑手账丨计划就是用来完成的,https://zzz.mihoyo.com/news/125061
2024-07-31 12:01:00,丽都放大镜 | 安比篇,https://zzz.mihoyo.com/news/125054
2024-07-31 12:00:00,「『141』限贩集市」活动说明,https://zzz.mihoyo.com/news/125049
2024-07-30 12:00:00,《绝区零》1.1版本「卧底蓝调」前瞻特别节目预告,https://zzz.mihoyo.com/news/125026
2024-07-29 12:00:00,《绝区零》「丽都漫步」系列表情包第二弹,https://zzz.mihoyo.com/news/125017
2024-07-27 12:00:00,「内有恶犬」活动说明,https://zzz.mihoyo.com/news/125006
2024-07-25 12:30:00,《绝区零》朱鸢EP《一颗方糖悬滞的时间》现已上架音乐平台,https://zzz.mihoyo.com/news/124986
2024-07-25 12:15:00,六分街街头异闻 | 第2话 本性难改,https://zzz.mihoyo.com/news/124978
2024-07-25 12:00:00,《绝区零》朱鸢EP丨一颗方糖悬滞的时间,https://zzz.mihoyo.com/news/124988
2024-07-24 12:01:00,丽都修葺漫谈 VOL.1,https://zzz.mihoyo.com/news/124969
2024-07-24 12:00:00,《Behind the Agent》采访手记：朱鸢篇,https://zzz.mihoyo.com/news/124963
2024-07-23 12:00:00,《绝区零》朱鸢角色展示 | 全天候·朱鸢长官！,https://zzz.mihoyo.com/news/124943
2024-07-22 12:00:01,《绝区零》朱鸢角色PV | 治安局最最终版.avi,https://zzz.mihoyo.com/news/124927
2024-07-22 12:00:00,绳网精选-1.0版本音擎上新 | 第二弹,https://zzz.mihoyo.com/news/124920
2024-07-22 12:00:00,「直如朱丝绳」调频说明,https://zzz.mihoyo.com/news/124917
2024-07-22 12:00:00,「喧哗奏鸣」调频说明,https://zzz.mihoyo.com/news/124916
2024-07-22 12:00:00,「注意脚下安全」活动说明,https://zzz.mihoyo.com/news/124915
2024-07-22 12:00:00,「『嗯呢』从天降」活动说明,https://zzz.mihoyo.com/news/124914
2024-07-22 12:00:00,「大师之作」活动说明,https://zzz.mihoyo.com/news/124913
2024-07-21 12:00:00,代理人机制介绍：朱鸢篇,https://zzz.mihoyo.com/news/124911
2024-07-20 12:00:00,遇到困难，请联系新艾利都治安局。,https://zzz.mihoyo.com/news/124907
2024-07-19 12:00:00,《绝区零》新艾利都治安局宣传动画｜治安局护航 ，防骗不用慌！,https://zzz.mihoyo.com/news/124903
2024-07-17 12:00:00,「别太贪吃」活动说明,https://zzz.mihoyo.com/news/124853
2024-07-16 12:30:00,《绝区零》官网音乐原声带《Loading…》现已上架音乐平台,https://zzz.mihoyo.com/news/124835
2024-07-13 12:01:00,邦布们的说明书丨鲨牙布,https://zzz.mihoyo.com/news/124766
2024-07-13 12:00:00,「孩子的交友监督」活动说明,https://zzz.mihoyo.com/news/124768
2024-07-12 12:00:00,《绝区零》过场动画 | 原型机、再启动,https://zzz.mihoyo.com/news/124756
2024-07-12 12:00:00,代理人档案 | 简·杜,https://zzz.mihoyo.com/news/124754
2024-07-11 12:00:00,《绝区零》11号角色PV | 「残酷」防卫军的行动纲领,https://zzz.mihoyo.com/news/124750
2024-07-10 12:00:00,《绝区零》格莉丝角色PV | 一千零一夜,https://zzz.mihoyo.com/news/124731
2024-07-10 11:59:00,六分街街头异闻 | 第1话 猫猫薄荷,https://zzz.mihoyo.com/news/124735
2024-07-09 12:00:00,《绝区零》过场动画 | 烛火飘曳,https://zzz.mihoyo.com/news/124705
2024-07-09 12:00:00,代理人档案 | 赛斯·洛威尔,https://zzz.mihoyo.com/news/124703
2024-07-09 12:00:00,「六分街街区赠礼」活动说明,https://zzz.mihoyo.com/news/124702
2024-07-08 17:00:00,新歌活动丨《BITE! 咬合力》音乐H5正式上线,https://zzz.mihoyo.com/news/124697
2024-07-08 12:00:00,新品情报 | 《绝区零》狡兔屋手办化决定！,https://zzz.mihoyo.com/news/124689
2024-07-06 18:00:00,《绝区零》丽都入城答谢丨全球5000万下载量达成,https://zzz.mihoyo.com/news/124681
2024-07-06 18:00:00,代理人档案 | 青衣,https://zzz.mihoyo.com/news/124674
2024-07-06 12:00:00,《绝区零》世界观PV | 奇迹的起点,https://zzz.mihoyo.com/news/124672
2024-07-05 14:30:00,《BITE! 咬合力》现已上架音乐平台,https://zzz.mihoyo.com/news/124624
2024-07-05 14:00:00,《绝区零》艾莲EP丨BITE! 咬合力,https://zzz.mihoyo.com/news/124621
2024-07-04 18:00:00,新艾利都市民指南页面上线,https://zzz.mihoyo.com/news/124612
2024-07-04 12:00:00,《绝区零》公测PV | 您拨打的用户正在空洞中,https://zzz.mihoyo.com/news/124605
2024-07-04 10:00:00,今日公测丨欢迎来到新艾利都,https://zzz.mihoyo.com/news/124600
2024-07-04 10:00:00,《绝区零》防沉迷系统公告,https://zzz.mihoyo.com/news/124599
2024-07-04 10:00:00,《绝区零》公平运营声明,https://zzz.mihoyo.com/news/124598
2024-07-03 12:35:00,《绝区零》艾莲角色展示 | 制服·剪刀·鲨鱼尾,https://zzz.mihoyo.com/news/124572
2024-07-03 12:30:00,《绝区零》新艾利都热门内容一览,https://zzz.mihoyo.com/news/124544
2024-07-03 12:16:00,《绝区零》新手绳匠补给物资一览,https://zzz.mihoyo.com/news/124545
2024-07-03 12:15:30,距离《绝区零》公测还有1天！,https://zzz.mihoyo.com/news/124543
2024-07-03 12:15:00,「慵懒逐浪」调频说明,https://zzz.mihoyo.com/news/124555
2024-07-03 12:15:00,「喧哗奏鸣」调频说明,https://zzz.mihoyo.com/news/124554
2024-07-03 12:15:00,「热门卡司」调频说明,https://zzz.mihoyo.com/news/124553
2024-07-03 12:15:00,「卓越搭档」调频说明,https://zzz.mihoyo.com/news/124552
2024-07-03 12:15:00,「狡兔心意」活动说明,https://zzz.mihoyo.com/news/124551
2024-07-03 12:15:00,「新城观览护照」活动说明,https://zzz.mihoyo.com/news/124550
2024-07-03 12:15:00,「登『绳』之阶」活动说明,https://zzz.mihoyo.com/news/124549
2024-07-03 12:15:00,「艾利都防线」活动说明,https://zzz.mihoyo.com/news/124547
2024-07-03 12:15:00,「『新手』上路」活动说明,https://zzz.mihoyo.com/news/124546
2024-07-02 13:00:00,ZENLESS - Tiësto × 绝区零 | 现已上线！,https://zzz.mihoyo.com/news/124531
2024-07-02 12:30:00,过塑手账丨鲨时间,https://zzz.mihoyo.com/news/124535
2024-07-02 12:15:00,《绝区零》2024年7月月历壁纸,https://zzz.mihoyo.com/news/124533
2024-07-02 12:00:02,距离《绝区零》公测还有2天！,https://zzz.mihoyo.com/news/124532
2024-07-02 12:00:00,《绝区零》公测常见问题答疑,https://zzz.mihoyo.com/news/124528
2024-07-02 09:49:00,《绝区零》预下载开启！,https://zzz.mihoyo.com/news/124537
2024-06-30 12:30:00,绳网精选-1.0版本音擎上新 | 第一弹,https://zzz.mihoyo.com/news/124523
2024-06-30 12:20:00,代理人机制介绍：艾莲篇,https://zzz.mihoyo.com/news/124524
2024-06-30 12:00:00,《绝区零》艾莲角色PV | 拜托了，艾莲大人！,https://zzz.mihoyo.com/news/124522
2024-06-30 12:00:00,距离《绝区零》公测还有4天！,https://zzz.mihoyo.com/news/124518
2024-06-29 18:00:00,代理人机制介绍：派派篇,https://zzz.mihoyo.com/news/124465
2024-06-29 13:00:00,《绝区零》×《街霸6》制作人对谈,https://zzz.mihoyo.com/news/124488
2024-06-29 12:30:00,THE NEW'S Vol.009 打工人的放松攻略~,https://zzz.mihoyo.com/news/124467
2024-06-29 12:15:00,快闪打卡丨新艾利都入城邀约活动一览,https://zzz.mihoyo.com/news/124487
2024-06-29 12:01:00,代理人机制介绍：露西篇,https://zzz.mihoyo.com/news/124462
2024-06-29 12:00:00,距离《绝区零》公测还有5天！,https://zzz.mihoyo.com/news/124455
2024-06-28 21:00:00,《覆灭重生 Come Alive》现已上架音乐平台,https://zzz.mihoyo.com/news/124420
2024-06-28 20:30:00,《绝区零》公测前瞻特别节目 |「欢迎来到新艾利都」,https://zzz.mihoyo.com/news/124400
2024-06-28 20:15:00,《绝区零》今日探店｜来一杯汀曼特调吗？,https://zzz.mihoyo.com/news/124397
2024-06-28 20:00:00,《绝区零》OP | 覆灭重生 Come Alive,https://zzz.mihoyo.com/news/124391
2024-06-28 19:45:00,《绝区零》100抽公测福利彩蛋,https://zzz.mihoyo.com/news/124390
2024-06-28 19:35:00,《绝区零》公测前瞻特别节目 | 情报总览,https://zzz.mihoyo.com/news/124396
2024-06-28 12:00:00,代理人档案 | 派派·韦尔,https://zzz.mihoyo.com/news/124336
2024-06-27 12:00:00,代理人档案 | 露西,https://zzz.mihoyo.com/news/124311
2024-06-26 17:00:00,2024BW丨《绝区零》参展确认,https://zzz.mihoyo.com/news/124269
2024-06-26 12:00:00,《绝区零》11号角色展示 | 成就达成率......100%,https://zzz.mihoyo.com/news/124275
2024-06-25 12:00:00,过塑手账丨生活智慧王,https://zzz.mihoyo.com/news/124246
2024-06-23 12:00:00,丽都城际观光导览,https://zzz.mihoyo.com/news/124232
2024-06-21 12:00:00,《绝区零》公测前瞻特别节目预告,https://zzz.mihoyo.com/news/124206
2024-06-21 12:00:00,《绝区零》丽娜角色展示 | 访客安全守则,https://zzz.mihoyo.com/news/124205
2024-06-21 11:59:00,正是在夏 | 注意冷藏！,https://zzz.mihoyo.com/news/124217
2024-06-20 12:00:00,过塑手账丨腥级晚宴,https://zzz.mihoyo.com/news/124183
2024-06-17 12:00:00,《绝区零》格莉丝角色展示 | 怦然「芯」动,https://zzz.mihoyo.com/news/124147
2024-06-14 12:00:00,邦布们的说明书丨阿全,https://zzz.mihoyo.com/news/124094
2024-06-11 12:05:00,过塑手账丨仍有优雅的空间,https://zzz.mihoyo.com/news/124089
2024-06-11 12:00:00,《绝区零》全球预约人数突破4000万！,https://zzz.mihoyo.com/news/124082
2024-06-10 12:00:00,端午计划丨粽拳出击！,https://zzz.mihoyo.com/news/124081
2024-06-08 12:00:00,新艾利都探店 | 这只报刊亭在六分街没有对手！,https://zzz.mihoyo.com/news/124052
2024-06-07 12:00:00,维多利亚家政，期待您的指名。,https://zzz.mihoyo.com/news/124051
2024-06-06 12:00:00,过塑手账丨兄弟爆一下,https://zzz.mihoyo.com/news/123981
2024-06-05 12:00:00,过塑手账丨借贷必相等,https://zzz.mihoyo.com/news/123980
2024-06-01 12:00:00,「喧响测试」充值返还查询公告,https://zzz.mihoyo.com/news/123939
2024-06-01 12:00:00,《绝区零》2024年6月月历壁纸,https://zzz.mihoyo.com/news/123914
2024-05-30 12:00:00,过塑手账丨心跳与轴承共轭,https://zzz.mihoyo.com/news/123898
2024-05-29 12:00:00,过塑手账丨烈火熊心,https://zzz.mihoyo.com/news/123867
2024-05-28 12:05:00,「行前采购」预抽卡网页活动正式开启！,https://zzz.mihoyo.com/news/123854
2024-05-28 12:00:00,《绝区零》莱卡恩角色展示丨狼质彬彬,https://zzz.mihoyo.com/news/123853
2024-05-28 12:00:00,《绝区零》7月4日开启全平台公测,https://zzz.mihoyo.com/news/123851
2024-05-21 12:01:00,邦布们的说明书丨艾米莉安,https://zzz.mihoyo.com/news/123760
2024-05-21 12:00:00,《绝区零》「喧响测试」关服预告,https://zzz.mihoyo.com/news/123759
2024-05-10 12:00:00,施工重地，闲人免进！,https://zzz.mihoyo.com/news/123673
2024-05-09 12:00:00,新艾利都探店 | 别问了，来六分街一定要吃！,https://zzz.mihoyo.com/news/123653
2024-05-03 17:00:00,精彩瞬间 | 2024五一萤火虫现场图集,https://zzz.mihoyo.com/news/123587
2024-05-01 12:15:00,有劳有逸丨祝绳匠们劳动节快乐！,https://zzz.mihoyo.com/news/123540
2024-05-01 12:00:00,《绝区零》2024年5月月历壁纸,https://zzz.mihoyo.com/news/123539
2024-04-28 12:00:00,丽都创作笔记 Vol.1：《绝区零》的「新鲜感」从何而来？,https://zzz.mihoyo.com/news/123487
2024-04-23 14:00:00,《绝区零》App Store预约开启！,https://zzz.mihoyo.com/news/123411
2024-04-22 12:00:00,代理人机制介绍：丽娜篇,https://zzz.mihoyo.com/news/123370
2024-04-21 12:15:00,邦布们的说明书丨巴特勒,https://zzz.mihoyo.com/news/123355
2024-04-21 12:00:00,代理人机制介绍：「11号」篇,https://zzz.mihoyo.com/news/123356
2024-04-20 18:00:00,丽都放大镜丨莱卡恩篇,https://zzz.mihoyo.com/news/123344
2024-04-20 12:00:00,代理人机制介绍：格莉丝篇,https://zzz.mihoyo.com/news/123339
2024-04-19 12:05:00,（新邮件）VR设备升级通知,https://zzz.mihoyo.com/news/123318
2024-04-19 12:00:00,代理人机制介绍：莱卡恩篇,https://zzz.mihoyo.com/news/123317
2024-04-18 12:00:00,代理人机制介绍：珂蕾妲篇,https://zzz.mihoyo.com/news/123298
2024-04-18 09:00:00,「喧响测试」充值返还FAQ,https://zzz.mihoyo.com/news/123213
2024-04-18 09:00:00,「喧响测试」充值返还公告,https://zzz.mihoyo.com/news/123211
2024-04-17 18:00:00,丽都手札丨「喧响测试」优化情报一览,https://zzz.mihoyo.com/news/123288
2024-04-17 12:03:00,Fairy Radio：绳匠事业新变化,https://zzz.mihoyo.com/news/123267
2024-04-17 12:01:00,《绝区零》「喧响测试」公平运营声明,https://zzz.mihoyo.com/news/123266
2024-04-17 12:00:00,《绝区零》「喧响测试」开服说明,https://zzz.mihoyo.com/news/123265
2024-04-16 14:00:00,萤火虫参展确认丨期待与绳匠们的相遇！,https://zzz.mihoyo.com/news/123236
2024-04-16 12:00:00,「喧响测试」资格发放完成通知,https://zzz.mihoyo.com/news/123255
2024-04-16 12:00:00,代理人机制介绍：猫又篇,https://zzz.mihoyo.com/news/123246
2024-04-15 12:00:00,Fairy Radio：走近战斗合作伙伴,https://zzz.mihoyo.com/news/123228
2024-04-13 12:15:00,丽都放大镜丨丽娜篇,https://zzz.mihoyo.com/news/123216
2024-04-13 12:00:00,Fairy Radio：重返零号空洞,https://zzz.mihoyo.com/news/123226
2024-04-12 12:01:00,《绝区零》「喧响测试」4月18日开启！,https://zzz.mihoyo.com/news/123193
2024-04-12 12:00:00,《绝区零》珂蕾妲角色PV丨工地午餐会,https://zzz.mihoyo.com/news/123199
2024-04-09 12:00:00,新艾利都探店 | 耳机里的音乐盛宴！,https://zzz.mihoyo.com/news/123154
2024-04-08 12:00:00,《绝区零》「喧响测试」招募即将结束,https://zzz.mihoyo.com/news/123141
2024-04-05 12:00:00,点击解锁心动委托价，狡兔屋随时为您服务！,https://zzz.mihoyo.com/news/123137
2024-04-03 12:00:00,过塑手账丨喵喵不用等,https://zzz.mihoyo.com/news/123116
2024-04-02 12:00:00,微信游戏圈丨专属预约活动现已开启,https://zzz.mihoyo.com/news/123103
2024-04-01 12:15:00,过塑手账丨本月的第82次演习,https://zzz.mihoyo.com/news/123090
2024-04-01 12:00:00,《绝区零》2024年4月月历壁纸,https://zzz.mihoyo.com/news/123085
2024-03-30 12:15:00,《绝区零》全球预约人数突破3000万！,https://zzz.mihoyo.com/news/123083
2024-03-30 12:00:00,丽都放大镜丨可琳篇,https://zzz.mihoyo.com/news/123081
2024-03-28 12:00:00,过塑手账丨拉面的美味秘诀是？,https://zzz.mihoyo.com/news/123050
2024-03-27 12:00:00,过塑手账丨汉堡，电影，爱,https://zzz.mihoyo.com/news/123014
2024-03-24 18:00:00,幕后花絮 |「箱庭之内」活动壁纸,https://zzz.mihoyo.com/news/122985
2024-03-23 12:00:00,丽都放大镜丨猫又篇,https://zzz.mihoyo.com/news/122984
2024-03-22 12:00:00,《绝区零》猫又角色展示丨无法拒绝的条件,https://zzz.mihoyo.com/news/122979
2024-03-21 12:00:00,《绝区零》「丽都漫步」系列表情包第一弹,https://zzz.mihoyo.com/news/122942
2024-03-20 12:30:00,春日野餐 | 今天，昼夜平分！,https://zzz.mihoyo.com/news/122931
2024-03-20 12:00:00,《绝区零》猫又角色PV丨猫没有主人,https://zzz.mihoyo.com/news/122934
2024-03-18 12:00:00,代理人档案 | 朱鸢,https://zzz.mihoyo.com/news/122913
2024-03-17 14:00:00,微信游戏圈 | 喧响测试专属活动,https://zzz.mihoyo.com/news/122909
2024-03-17 13:30:00,箱庭之内 | 参与限时活动，赢取测试资格！,https://zzz.mihoyo.com/news/122908
2024-03-17 13:00:00,网页活动「新声频响」开启！参与活动抽取测试资格！,https://zzz.mihoyo.com/news/122907
2024-03-17 12:01:00,「喧响测试」资格招募指南！,https://zzz.mihoyo.com/news/122904
2024-03-17 12:00:00,《绝区零》喧响测试预告 | 热身是必要的准备,https://zzz.mihoyo.com/news/122906
2024-03-16 12:00:00,「嗯呢呢呢呢呢？」,https://zzz.mihoyo.com/news/122897
2024-03-14 12:00:00,情有独钟 | 祝绳匠们白色情人节快乐！,https://zzz.mihoyo.com/news/122867
2024-03-01 12:00:00,《绝区零》2024年3月月历壁纸,https://zzz.mihoyo.com/news/122690
2024-02-27 18:00:00,THE NEW'S Vol.8 街头调查！市民朋友的当季推荐,https://zzz.mihoyo.com/news/122656
2024-02-24 12:00:00,其乐融融 | 祝绳匠们元宵节快乐！,https://zzz.mihoyo.com/news/122641
2024-02-14 12:00:00,情意绵绵丨祝绳匠们情人节快乐！,https://zzz.mihoyo.com/news/122358
2024-02-09 12:00:00,福启新岁 | 祝绳匠们春节快乐~,https://zzz.mihoyo.com/news/122355
2024-02-06 12:00:00,《绝区零》全平台预约人数突破2000万！,https://zzz.mihoyo.com/news/122303
2024-02-01 12:00:00,《绝区零》2024年2月月历壁纸,https://zzz.mihoyo.com/news/122140
2024-01-26 12:00:00,红包封面上线 | 出发吧，我们的美好祝愿~,https://zzz.mihoyo.com/news/122066
2024-01-24 12:00:00,新艾利都探店 | 每一口皆是艺术品！,https://zzz.mihoyo.com/news/119537
2024-01-02 18:00:00,精彩瞬间 | 《绝区零》萤火虫漫展现场图集,https://zzz.mihoyo.com/news/114246
2024-01-01 12:00:00,新年快乐丨迈向崭新的一年吧！,https://zzz.mihoyo.com/news/114242
2024-01-01 10:00:00,《绝区零》2024年1月月历壁纸,https://zzz.mihoyo.com/news/114232
2023-12-29 12:10:00,《绝区零》「降噪测试」阵营壁纸合集,https://zzz.mihoyo.com/news/114228
2023-12-29 12:00:00,《绝区零》安比角色展示 | 雷霆光影,https://zzz.mihoyo.com/news/114171
2023-12-25 18:00:00,Fairy的观察报告 Vol.4 总集篇,https://zzz.mihoyo.com/news/114166
2023-12-25 12:00:00,雪夜惊喜丨礼物打包好了吗？,https://zzz.mihoyo.com/news/114165
2023-12-22 12:00:00,《绝区零》「降噪测试」关服预告,https://zzz.mihoyo.com/news/114154
2023-12-22 12:00:00,冬至 |  温暖与好运常伴,https://zzz.mihoyo.com/news/114153
2023-12-22 12:00:00,《绝区零》妮可角色PV | 希望的标价,https://zzz.mihoyo.com/news/114152
2023-12-21 12:00:00,丽都放大镜丨安东篇,https://zzz.mihoyo.com/news/114143
2023-12-20 18:00:00,Fairy的观察报告 Vol.3 空洞篇,https://zzz.mihoyo.com/news/114102
2023-12-14 12:00:00,丽都放大镜丨本篇,https://zzz.mihoyo.com/news/114054
2023-12-12 12:00:00,Fairy的观察报告 Vol.2 事业篇,https://zzz.mihoyo.com/news/114028
2023-12-11 18:00:00,参展确认 | 《绝区零》萤火虫漫展活动一览,https://zzz.mihoyo.com/news/114023
2023-12-11 12:00:00,《绝区零》噬魂犬3活动PV | 内有恶犬,https://zzz.mihoyo.com/news/114017
2023-12-08 12:00:00,新艾利都探店 | 真的是最后一抽啦！,https://zzz.mihoyo.com/news/113955
2023-12-08 11:00:00,《绝区零》TGA 2023亮相视频,https://zzz.mihoyo.com/news/113956
2023-12-07 12:01:00,丽都放大镜丨格莉丝篇,https://zzz.mihoyo.com/news/113887
2023-12-07 12:00:00,Fairy的观察日记 Vol.1 六分街篇,https://zzz.mihoyo.com/news/113888
2023-12-02 12:00:00,Fairy Library：装备/邦布篇,https://zzz.mihoyo.com/news/113854
2023-12-02 12:00:00,新艾利都探店 | 要改装一下你的邦布吗？,https://zzz.mihoyo.com/news/113853
2023-12-01 12:00:00,《绝区零》妮可角色展示 | 当生意来敲门,https://zzz.mihoyo.com/news/113832
2023-11-29 12:00:00,丽都放大镜丨珂蕾妲篇,https://zzz.mihoyo.com/news/113820
2023-11-28 12:00:00,THE NEW'S Vol.007 读者来稿专刊,https://zzz.mihoyo.com/news/113791
2023-11-27 12:00:00,Fairy Library：拉力委托篇,https://zzz.mihoyo.com/news/113785
2023-11-26 12:05:00,Fairy Library：VR试炼篇,https://zzz.mihoyo.com/news/113777
2023-11-26 12:00:00,《绝区零》安比角色PV | 前情提要,https://zzz.mihoyo.com/news/113778
2023-11-24 12:05:00,Fairy Library：菜单界面篇,https://zzz.mihoyo.com/news/113772
2023-11-24 12:00:00,Fairy Library：零号空洞篇,https://zzz.mihoyo.com/news/113771
2023-11-24 11:00:00,《绝区零》降噪测试正式开启 | 欢迎进入新艾利都！,https://zzz.mihoyo.com/news/113774
2023-11-24 10:00:00,《绝区零》降噪测试PV | 第二份委托，别被砸了哟~,https://zzz.mihoyo.com/news/113773
2023-11-23 12:05:00,Fairy Library：主城介绍篇,https://zzz.mihoyo.com/news/113751
2023-11-23 12:00:00,《绝区零》「降噪测试」开服说明,https://zzz.mihoyo.com/news/113750
2023-11-22 17:30:00,《绝区零》「降噪测试」资格发放完成通知,https://zzz.mihoyo.com/news/113746
2023-11-22 12:00:00,《绝区零》比利角色展示 | 骑士登场！,https://zzz.mihoyo.com/news/113735
2023-11-20 12:00:00,Fairy Library：空洞探索篇,https://zzz.mihoyo.com/news/113723
2023-11-20 12:00:00,新艾利都入住指南 | 零号空洞篇,https://zzz.mihoyo.com/news/113711
2023-11-19 12:00:00,电玩店上新 |《蛇对蛇》,https://zzz.mihoyo.com/news/113709
2023-11-18 12:00:00,《绝区零》比利角色PV | 1080p 机生走马,https://zzz.mihoyo.com/news/113706
2023-11-17 12:30:00,梦想成真 |「三明治香气的梦想」表情包&壁纸,https://zzz.mihoyo.com/news/113683
2023-11-17 12:05:00,「啊，又是麻烦的委托…果然该换个班表。」,https://zzz.mihoyo.com/news/113682
2023-11-17 12:00:00,「降噪测试」11月24日正式开启,https://zzz.mihoyo.com/news/113681
2023-11-14 12:00:00,Fairy Library：进阶战斗篇,https://zzz.mihoyo.com/news/113643
2023-11-12 11:00:00,新艾利都入住指南 | 威胁篇,https://zzz.mihoyo.com/news/113632
2023-11-10 12:00:00,「您就是这次的主人吗？维多利亚家政丽娜，为您服务。」,https://zzz.mihoyo.com/news/113614
2023-11-09 18:00:00,精彩图集 | 「全球艺场 艺术西岸 · 绝区零特别展」,https://zzz.mihoyo.com/news/113633
2023-11-09 12:00:00,Fairy Library：基础战斗篇,https://zzz.mihoyo.com/news/113603
2023-11-07 12:00:00,电玩店上新 | 《噬魂犬3》,https://zzz.mihoyo.com/news/113557
2023-11-06 12:00:00,新艾利都探店 | 挑战最强记录！,https://zzz.mihoyo.com/news/113540
2023-11-05 12:00:00,「这冷峻的线条，真美啊…可以把你拆开看看吗？」,https://zzz.mihoyo.com/news/113534
2023-11-04 15:30:00,网页活动 |「 三明治香气的梦想」开启，赢取测试资格！,https://zzz.mihoyo.com/news/113529
2023-11-04 15:00:00,「降噪测试」绝区零微信游戏圈福利活动现已开启,https://zzz.mihoyo.com/news/113536
2023-11-04 13:30:00,「全球艺场 艺术西岸 · 绝区零特别展」即将开启,https://zzz.mihoyo.com/news/113528
2023-11-04 12:30:00,网页活动 |「音波传导」现已开启！,https://zzz.mihoyo.com/news/113527
2023-11-04 12:05:00,「降噪测试」资格招募指南,https://zzz.mihoyo.com/news/113526
2023-11-04 12:00:00,《绝区零》降噪测试预告 | 请戴好安全帽，我们出发！,https://zzz.mihoyo.com/news/113523
2023-11-03 12:00:00,「嗯呢？嗯呢嗯嗯！」,https://zzz.mihoyo.com/news/113494
2023-10-19 12:00:00,「新艾利都探店 | 很难错过的杂货店！」,https://zzz.mihoyo.com/news/113348
2023-10-02 12:00:00,「精彩瞬间 | 《绝区零》CICF漫展现场图集」,https://zzz.mihoyo.com/news/113224
2023-09-30 12:00:00,「THE NEW'S | 编辑部新成员！」,https://zzz.mihoyo.com/news/113211
2023-09-29 12:00:00,「中秋喜乐 | 暂时放下委托，共赏此刻明月吧~」,https://zzz.mihoyo.com/news/113210
2023-09-23 12:00:00,「秋分 | 小心头顶的落叶，也小心突然的寒意~」,https://zzz.mihoyo.com/news/113103
2023-09-22 20:00:00,「《绝区零》x TGS2023 特别发布」,https://zzz.mihoyo.com/news/113073
2023-09-20 12:00:00,「参展确认 | 《绝区零》CICF漫展活动一览」,https://zzz.mihoyo.com/news/113048
2023-09-08 12:00:00,「新艾利都探店 | 最懂我的录像店！」,https://zzz.mihoyo.com/news/112949
2023-08-23 03:00:00,《绝区零》GAMESCOM 2023特别参展视频,https://zzz.mihoyo.com/news/112792
2023-08-22 12:00:00,「THE NEW'S Vol.005 代发：绳网更新通知」,https://zzz.mihoyo.com/news/112771
2023-07-31 12:00:00,「沙罗黄金周 | 购物狂欢率先开启！」,https://zzz.mihoyo.com/news/112458
2023-07-23 12:00:00,「精彩瞬间 |《绝区零》BilibiliWorld2023现场图集」,https://zzz.mihoyo.com/news/112374
2023-07-21 12:00:00,「1000万预约达成 | 向每一位市民致谢！」,https://zzz.mihoyo.com/news/112363
2023-07-06 12:00:00,「参展确认 |《绝区零》BilibiliWorld2023活动一览」,https://zzz.mihoyo.com/news/112216
2023-06-22 12:00:00,「端午 | 被包裹的除了粽子还有惊喜」,https://zzz.mihoyo.com/news/111956
2023-06-21 12:00:00,「夏至 | 西瓜、冰镇，还有……冰镇西瓜！」,https://zzz.mihoyo.com/news/111951
2023-06-02 12:00:00,「紧急避险 | 莱姆尼安空洞突发伴生空洞！」,https://zzz.mihoyo.com/news/111745
2023-05-19 12:00:00,「成绩卓著 | 白祇重工专利产品市场表现喜人！」,https://zzz.mihoyo.com/news/111494
2023-05-01 12:00:00,「养精蓄锐 | 安全第一，身心健康并列第一！」,https://zzz.mihoyo.com/news/111323
2023-04-29 12:00:00,「THE NEW’S | 电影特辑第二期」,https://zzz.mihoyo.com/news/111294
2023-04-13 12:00:00,「丽都资讯 | 三月内第四起，旧都暴力事件频发！」,https://zzz.mihoyo.com/news/111111
2023-03-31 12:00:00,「THE NEW’S | 音乐特辑」,https://zzz.mihoyo.com/news/110894
2023-03-21 12:00:00,「万物新生 | 踏春不带我快乐会少一半哦！」,https://zzz.mihoyo.com/news/105583
2023-03-14 12:00:00,「念念不忘 | 祝市民朋友们白色情人节快乐！」,https://zzz.mihoyo.com/news/105540
2023-02-28 12:00:00,「THE NEW’S | 新艾利都美食特辑！」,https://zzz.mihoyo.com/news/105426
2023-02-14 12:00:00,「终成眷属 | 祝市民朋友们情人节快乐！」,https://zzz.mihoyo.com/news/105334
2023-02-05 12:00:00,「良宵共团圆 | 祝市民朋友们元宵节快乐」,https://zzz.mihoyo.com/news/105267
2023-01-26 12:00:00,「THE NEW’S | 假期必看电影特辑」,https://zzz.mihoyo.com/news/105162
2023-01-21 12:00:00,「平安喜乐 | 祝市民朋友们新年快乐」,https://zzz.mihoyo.com/news/105106
2023-01-18 12:00:00,「红包封面上线 | 一起去传递新春祝福吧~」,https://zzz.mihoyo.com/news/105033
2022-12-31 12:00:00,「新年快乐 | 许下你的愿望我们一起去实现吧！」,https://zzz.mihoyo.com/news/103632
2022-12-25 12:00:00,「圣诞快乐 | 制造惊喜的工作就请交给我们。」,https://zzz.mihoyo.com/news/103593
2022-12-16 12:00:00,「除恶务尽——何为 『恶』，我们自有裁定。」,https://zzz.mihoyo.com/news/103564
2022-11-18 12:00:00,「秩序，不可破。」,https://zzz.mihoyo.com/news/103378
2022-11-04 12:00:00,「只要能一直吃饱肚子，苍角就已经很幸福啦~」,https://zzz.mihoyo.com/news/103301
2022-09-30 12:00:00,「我们的目标不是建房子，而是『家』」,https://zzz.mihoyo.com/news/103063
2022-09-17 18:55:00,《绝区零》TGS2022首次参展特别视频 「只是录像店平凡的一天」,https://zzz.mihoyo.com/news/102882
2022-09-16 12:00:00,「我喜欢算术，但这不妨碍我一巴掌拍碎歹徒。」,https://zzz.mihoyo.com/news/102869
2022-09-10 12:00:00,中秋喜乐 | 尝一口邦布手工制作的月饼吧~,https://zzz.mihoyo.com/news/102828
2022-09-08 19:00:00,《绝区零》确认线上参展TGS2022！,https://zzz.mihoyo.com/news/102819
2022-09-02 12:00:00,「有搞不定的活儿？让我来！」,https://zzz.mihoyo.com/news/102785
2022-08-19 12:00:00,「我就是白祇重工的社长，珂蕾妲。」,https://zzz.mihoyo.com/news/102702
2022-08-07 18:00:00,《绝区零》「调律测试」关服预告,https://zzz.mihoyo.com/news/102620
2022-08-05 10:00:00,《绝区零》调律测试PV | 初次委托，可别搞砸了哟~,https://zzz.mihoyo.com/news/102614
2022-08-04 12:00:00,《绝区零》「调律测试」开服预告,https://zzz.mihoyo.com/news/102607
2022-08-03 11:00:00,《绝区零》「调律测试」资格发放完成通知,https://zzz.mihoyo.com/news/102587
2022-07-29 12:00:00,「感谢指名，主人的心愿就是我们的使命。」,https://zzz.mihoyo.com/news/102557
2022-07-23 12:00:00,「执事莱卡恩，感谢您的指名。」,https://zzz.mihoyo.com/news/102533
2022-07-22 12:00:00,《绝区零》「调律测试」8月5日正式开启！,https://zzz.mihoyo.com/news/102528
2022-07-15 12:00:00,「我、我这样的人……真的可以吗？」,https://zzz.mihoyo.com/news/102483
2022-07-09 12:00:00,「最好吃的青花鱼，永远是还没吃到的那一条~」,https://zzz.mihoyo.com/news/102438
2022-07-02 12:00:00,新艾利都入住指南 | 邦布篇,https://zzz.mihoyo.com/news/102379
2022-07-02 08:45:00,《绝区零》应用信息说明,https://zzz.mihoyo.com/news/124331
2022-06-28 12:00:00,《绝区零》表情包第一弹——“狡兔屋的日常”正式上架,https://zzz.mihoyo.com/news/102363
2022-06-24 12:00:00,「欢迎光临Random Play！今天想看点什么？」,https://zzz.mihoyo.com/news/102335
2022-06-17 12:00:00,《绝区零》表情包第一弹——“狡兔屋的日常”（上）,https://zzz.mihoyo.com/news/102302
2022-06-11 12:00:00,「无论如何，请给我留下命令。」,https://zzz.mihoyo.com/news/102283
2022-06-10 10:00:00,《绝区零》全新战斗演示PV | 3、2、1……11,https://zzz.mihoyo.com/news/102284
2022-06-05 12:00:00,新艾利都入住指南 | 城市生活篇,https://zzz.mihoyo.com/news/102256
2022-06-03 12:00:00,端午安康 | 把邦布也包成这个样子吧！,https://zzz.mihoyo.com/news/102265
2022-05-29 12:00:00,「只要薪酬到位，狡兔屋随时为您服务！」,https://zzz.mihoyo.com/news/102229
2022-05-27 12:00:00,「星徽骑士可是不会输的！」,https://zzz.mihoyo.com/news/102226
2022-05-21 12:00:00,新艾利都入住指南 | “空洞”生存篇,https://zzz.mihoyo.com/news/102196
2022-05-20 12:00:00,「明智之选！委托我的话，出场费可不低哦！」,https://zzz.mihoyo.com/news/102192
2022-05-15 12:00:00,「目标确认，开始行动。」,https://zzz.mihoyo.com/news/102155
2022-05-14 12:14:32,《绝区零》|「调律测试」资格获取指南,https://zzz.mihoyo.com/news/102152
2022-05-13 21:46:35,《绝区零》全平台预约人数100万人次现已达成,https://zzz.mihoyo.com/news/102149
2022-05-13 18:53:15,《云·绝区零》应用信息说明,https://zzz.mihoyo.com/news/127185
2022-05-13 14:00:00,《绝区零》|「调律测试」资格招募Q&A,https://zzz.mihoyo.com/news/102143
2022-05-13 12:00:10,《绝区零》首曝PV | 世界全剧终，欢迎来到新艾利都！,https://zzz.mihoyo.com/news/102140
